barriers,len12,len13,len23,reward_path_lengths,path_length_difference,optimal_paths_12,optimal_paths_13,optimal_paths_23,optimal_paths_all,choice_points,num_choice_points,cycles,num_cycles,isomorphic_mazes
"{34, 5, 11, 45, 46, 14, 20, 25, 29}",15,15,15,"[15, 15, 15]",0,"[[1, 4, 6, 8, 10, 13, 17, 21, 26, 22, 27, 32, 38, 49, 2], [1, 4, 6, 8, 10, 13, 17, 21, 26, 31, 37, 32, 38, 49, 2], [1, 4, 6, 8, 10, 13, 17, 21, 26, 31, 37, 42, 47, 49, 2]]","[[1, 4, 6, 8, 10, 7, 9, 12, 15, 19, 23, 28, 33, 48, 3], [1, 4, 6, 8, 10, 13, 16, 12, 15, 19, 23, 28, 33, 48, 3]]","[[2, 49, 38, 32, 37, 31, 36, 30, 35, 40, 44, 39, 43, 48, 3], [2, 49, 47, 42, 37, 31, 36, 30, 35, 40, 44, 39, 43, 48, 3]]","[[1, 4, 6, 8, 10, 13, 17, 21, 26, 22, 27, 32, 38, 49, 2], [1, 4, 6, 8, 10, 13, 17, 21, 26, 31, 37, 32, 38, 49, 2], [1, 4, 6, 8, 10, 13, 17, 21, 26, 31, 37, 42, 47, 49, 2], [1, 4, 6, 8, 10, 7, 9, 12, 15, 19, 23, 28, 33, 48, 3], [1, 4, 6, 8, 10, 13, 16, 12, 15, 19, 23, 28, 33, 48, 3], [2, 49, 38, 32, 37, 31, 36, 30, 35, 40, 44, 39, 43, 48, 3], [2, 49, 47, 42, 37, 31, 36, 30, 35, 40, 44, 39, 43, 48, 3]]","{32, 48, 49, 10, 13, 31}",6,"[[32, 38, 49, 47, 42, 37], [26, 22, 27, 32, 37, 31], [33, 28, 23, 19, 15, 12, 16, 13, 17, 21, 26, 31, 36, 30, 35, 40, 44, 39, 43, 48], [10, 7, 9, 12, 16, 13]]",4,"{frozenset({37, 6, 9, 44, 45, 12, 21, 25, 31}), frozenset({34, 9, 15, 47, 22, 25, 27, 29, 30}), frozenset({38, 41, 10, 13, 46, 15, 21, 23, 25}), frozenset({37, 11, 43, 18, 19, 23, 25, 30, 31}), frozenset({33, 40, 10, 44, 13, 18, 20, 25, 27})}"
"{32, 33, 5, 11, 44, 46, 20, 21, 23, 27, 30}",17,17,17,"[17, 17, 17]",0,"[[1, 4, 6, 8, 10, 13, 17, 14, 18, 22, 26, 31, 37, 42, 47, 49, 2]]","[[1, 4, 6, 8, 10, 7, 9, 12, 15, 19, 24, 29, 34, 39, 43, 48, 3], [1, 4, 6, 8, 10, 13, 16, 12, 15, 19, 24, 29, 34, 39, 43, 48, 3]]","[[2, 49, 47, 42, 37, 31, 36, 41, 45, 40, 35, 29, 34, 39, 43, 48, 3]]","[[1, 4, 6, 8, 10, 13, 17, 14, 18, 22, 26, 31, 37, 42, 47, 49, 2], [1, 4, 6, 8, 10, 7, 9, 12, 15, 19, 24, 29, 34, 39, 43, 48, 3], [1, 4, 6, 8, 10, 13, 16, 12, 15, 19, 24, 29, 34, 39, 43, 48, 3], [2, 49, 47, 42, 37, 31, 36, 41, 45, 40, 35, 29, 34, 39, 43, 48, 3]]","{10, 29, 13, 31}",4,"[[24, 19, 15, 12, 16, 13, 17, 14, 18, 22, 26, 31, 36, 41, 45, 40, 35, 29], [10, 7, 9, 12, 16, 13]]",2,"{frozenset({8, 9, 43, 44, 11, 47, 20, 21, 23, 27, 30}), frozenset({7, 9, 43, 11, 46, 47, 20, 21, 23, 27, 30}), frozenset({38, 6, 39, 9, 11, 44, 46, 20, 21, 23, 30}), frozenset({33, 5, 9, 42, 11, 44, 46, 20, 21, 27, 30}), frozenset({38, 6, 9, 44, 46, 20, 21, 23, 27, 28, 30})}"
"{36, 6, 38, 44, 46, 15, 17, 22, 24, 28}",17,17,17,"[17, 17, 17]",0,"[[1, 4, 5, 7, 10, 13, 16, 20, 25, 21, 26, 31, 37, 42, 47, 49, 2], [1, 4, 5, 7, 9, 12, 16, 20, 25, 21, 26, 31, 37, 42, 47, 49, 2]]","[[1, 4, 5, 7, 10, 13, 16, 20, 25, 30, 35, 29, 34, 39, 43, 48, 3], [1, 4, 5, 7, 9, 12, 16, 20, 25, 30, 35, 29, 34, 39, 43, 48, 3]]","[[2, 49, 47, 42, 37, 31, 26, 21, 25, 30, 35, 29, 34, 39, 43, 48, 3]]","[[1, 4, 5, 7, 10, 13, 16, 20, 25, 21, 26, 31, 37, 42, 47, 49, 2], [1, 4, 5, 7, 9, 12, 16, 20, 25, 21, 26, 31, 37, 42, 47, 49, 2], [1, 4, 5, 7, 10, 13, 16, 20, 25, 30, 35, 29, 34, 39, 43, 48, 3], [1, 4, 5, 7, 9, 12, 16, 20, 25, 30, 35, 29, 34, 39, 43, 48, 3], [2, 49, 47, 42, 37, 31, 26, 21, 25, 30, 35, 29, 34, 39, 43, 48, 3]]",{25},1,"[[13, 10, 7, 9, 12, 16]]",1,"{frozenset({35, 7, 41, 11, 43, 47, 15, 16, 26, 27}), frozenset({35, 38, 6, 39, 9, 45, 14, 16, 23, 26}), frozenset({33, 36, 5, 42, 11, 12, 45, 17, 24, 27}), frozenset({32, 33, 35, 5, 44, 46, 16, 18, 19, 26}), frozenset({36, 40, 9, 8, 43, 47, 17, 18, 23, 24})}"
"{34, 35, 37, 6, 12, 45, 13, 22, 30}",19,19,19,"[19, 19, 19]",0,"[[1, 4, 5, 7, 10, 8, 11, 14, 17, 21, 26, 31, 36, 41, 46, 42, 47, 49, 2]]","[[1, 4, 5, 7, 10, 8, 11, 14, 17, 21, 25, 20, 24, 19, 23, 28, 33, 48, 3]]","[[2, 49, 47, 42, 46, 41, 36, 31, 26, 21, 25, 20, 24, 19, 23, 28, 33, 48, 3]]","[[1, 4, 5, 7, 10, 8, 11, 14, 17, 21, 26, 31, 36, 41, 46, 42, 47, 49, 2], [1, 4, 5, 7, 10, 8, 11, 14, 17, 21, 25, 20, 24, 19, 23, 28, 33, 48, 3], [2, 49, 47, 42, 46, 41, 36, 31, 26, 21, 25, 20, 24, 19, 23, 28, 33, 48, 3]]",{21},1,[],0,"{frozenset({34, 40, 10, 47, 16, 15, 20, 22, 31}), frozenset({34, 38, 41, 10, 14, 15, 20, 24, 31}), frozenset({34, 36, 5, 37, 45, 14, 13, 19, 30}), frozenset({37, 41, 10, 43, 17, 18, 19, 21, 29}), frozenset({33, 37, 40, 10, 12, 18, 21, 26, 29})}"
"{32, 39, 10, 45, 15, 18, 23, 25}",15,15,15,"[15, 15, 15]",0,"[[1, 4, 6, 8, 11, 14, 17, 21, 26, 31, 37, 42, 47, 49, 2]]","[[1, 4, 5, 7, 9, 12, 16, 20, 24, 29, 34, 28, 33, 48, 3]]","[[2, 49, 47, 42, 37, 31, 36, 30, 35, 29, 34, 28, 33, 48, 3], [2, 49, 47, 42, 46, 41, 36, 30, 35, 29, 34, 28, 33, 48, 3]]","[[1, 4, 6, 8, 11, 14, 17, 21, 26, 31, 37, 42, 47, 49, 2], [1, 4, 5, 7, 9, 12, 16, 20, 24, 29, 34, 28, 33, 48, 3], [2, 49, 47, 42, 37, 31, 36, 30, 35, 29, 34, 28, 33, 48, 3], [2, 49, 47, 42, 46, 41, 36, 30, 35, 29, 34, 28, 33, 48, 3]]","{42, 4, 29, 31}",4,"[[31, 37, 42, 46, 41, 36], [24, 20, 16, 13, 17, 21, 26, 31, 36, 30, 35, 29], [14, 11, 8, 6, 4, 5, 7, 9, 12, 16, 13, 17]]",3,"{frozenset({37, 7, 39, 11, 45, 15, 18, 25}), frozenset({42, 10, 45, 15, 18, 25, 27, 28}), frozenset({37, 8, 44, 45, 15, 18, 25, 28}), frozenset({34, 8, 9, 42, 45, 15, 18, 25}), frozenset({32, 34, 7, 45, 46, 15, 18, 25})}"
"{37, 7, 12, 44, 18, 25, 28, 30, 31}",15,15,15,"[15, 15, 15]",0,"[[1, 4, 6, 8, 11, 14, 17, 21, 26, 22, 27, 32, 38, 49, 2], [1, 4, 6, 8, 10, 13, 17, 21, 26, 22, 27, 32, 38, 49, 2]]","[[1, 4, 6, 8, 10, 13, 16, 20, 24, 29, 34, 39, 43, 48, 3]]","[[2, 49, 47, 42, 46, 41, 45, 40, 35, 29, 34, 39, 43, 48, 3]]","[[1, 4, 6, 8, 11, 14, 17, 21, 26, 22, 27, 32, 38, 49, 2], [1, 4, 6, 8, 10, 13, 17, 21, 26, 22, 27, 32, 38, 49, 2], [1, 4, 6, 8, 10, 13, 16, 20, 24, 29, 34, 39, 43, 48, 3], [2, 49, 47, 42, 46, 41, 45, 40, 35, 29, 34, 39, 43, 48, 3]]","{8, 49, 29, 13}",4,"[[24, 20, 16, 13, 17, 21, 26, 22, 27, 32, 38, 49, 47, 42, 46, 41, 45, 40, 35, 29], [14, 11, 8, 10, 13, 17]]",2,"{frozenset({32, 34, 8, 9, 45, 20, 22, 25, 29}), frozenset({37, 7, 11, 45, 19, 21, 25, 28, 31}), frozenset({39, 41, 10, 42, 13, 18, 20, 23, 25}), frozenset({39, 40, 10, 42, 13, 15, 21, 25, 27}), frozenset({32, 34, 8, 46, 14, 15, 25, 29, 30})}"
"{33, 35, 6, 40, 12, 16, 22, 31}",17,17,17,"[17, 17, 17]",0,"[[1, 4, 5, 7, 10, 13, 17, 21, 25, 30, 36, 41, 46, 42, 47, 49, 2]]","[[1, 4, 5, 7, 10, 13, 17, 21, 25, 20, 24, 29, 34, 39, 43, 48, 3]]","[[2, 49, 47, 42, 46, 41, 36, 30, 25, 20, 24, 29, 34, 39, 43, 48, 3]]","[[1, 4, 5, 7, 10, 13, 17, 21, 25, 30, 36, 41, 46, 42, 47, 49, 2], [1, 4, 5, 7, 10, 13, 17, 21, 25, 20, 24, 29, 34, 39, 43, 48, 3], [2, 49, 47, 42, 46, 41, 36, 30, 25, 20, 24, 29, 34, 39, 43, 48, 3]]",{25},1,"[[29, 24, 19, 23, 28, 34], [37, 32, 38, 49, 47, 42], [14, 11, 8, 10, 13, 17]]",3,"{frozenset({36, 5, 38, 41, 14, 17, 19, 29}), frozenset({33, 35, 40, 12, 13, 47, 22, 26}), frozenset({5, 41, 43, 14, 17, 19, 24, 31}), frozenset({6, 40, 12, 47, 16, 22, 26, 29}), frozenset({36, 38, 41, 43, 13, 14, 19, 24})}"
"{34, 5, 42, 11, 13, 45, 19, 22, 30}",19,19,19,"[19, 19, 19]",0,"[[1, 4, 6, 8, 10, 7, 9, 12, 16, 20, 25, 21, 26, 31, 37, 32, 38, 49, 2]]","[[1, 4, 6, 8, 10, 7, 9, 12, 16, 20, 24, 29, 35, 40, 44, 39, 43, 48, 3]]","[[2, 49, 38, 32, 37, 31, 26, 21, 25, 20, 24, 29, 35, 40, 44, 39, 43, 48, 3]]","[[1, 4, 6, 8, 10, 7, 9, 12, 16, 20, 25, 21, 26, 31, 37, 32, 38, 49, 2], [1, 4, 6, 8, 10, 7, 9, 12, 16, 20, 24, 29, 35, 40, 44, 39, 43, 48, 3], [2, 49, 38, 32, 37, 31, 26, 21, 25, 20, 24, 29, 35, 40, 44, 39, 43, 48, 3]]",{20},1,[],0,"{frozenset({38, 40, 10, 46, 15, 14, 20, 28, 31}), frozenset({37, 6, 39, 9, 13, 45, 19, 22, 30}), frozenset({34, 7, 40, 14, 47, 15, 20, 27, 31}), frozenset({37, 8, 41, 43, 12, 18, 21, 23, 29}), frozenset({32, 33, 41, 10, 44, 12, 18, 21, 29})}"
"{34, 7, 40, 41, 14, 15, 16, 47, 26, 27}",17,17,17,"[17, 17, 17]",0,"[[1, 4, 6, 8, 10, 13, 17, 21, 25, 30, 36, 31, 37, 32, 38, 49, 2]]","[[1, 4, 6, 8, 10, 13, 17, 21, 25, 20, 24, 19, 23, 28, 33, 48, 3]]","[[2, 49, 38, 32, 37, 31, 36, 30, 25, 20, 24, 19, 23, 28, 33, 48, 3], [2, 49, 38, 32, 37, 31, 36, 30, 35, 29, 24, 19, 23, 28, 33, 48, 3]]","[[1, 4, 6, 8, 10, 13, 17, 21, 25, 30, 36, 31, 37, 32, 38, 49, 2], [1, 4, 6, 8, 10, 13, 17, 21, 25, 20, 24, 19, 23, 28, 33, 48, 3], [2, 49, 38, 32, 37, 31, 36, 30, 25, 20, 24, 19, 23, 28, 33, 48, 3], [2, 49, 38, 32, 37, 31, 36, 30, 35, 29, 24, 19, 23, 28, 33, 48, 3]]","{24, 25, 30}",3,"[[20, 25, 30, 35, 29, 24]]",1,"{frozenset({36, 38, 40, 10, 14, 15, 46, 22, 24, 28}), frozenset({37, 8, 41, 40, 43, 12, 17, 18, 23, 24}), frozenset({32, 33, 35, 41, 10, 12, 44, 18, 19, 26}), frozenset({35, 37, 6, 39, 9, 45, 14, 16, 19, 22}), frozenset({34, 36, 5, 42, 11, 12, 45, 17, 19, 22})}"
"{33, 37, 40, 10, 12, 18, 21, 26, 29}",19,19,19,"[19, 19, 19]",0,"[[1, 4, 6, 8, 11, 14, 17, 13, 16, 20, 25, 30, 36, 41, 46, 42, 47, 49, 2]]","[[1, 4, 6, 8, 11, 14, 17, 13, 16, 20, 24, 19, 23, 28, 34, 39, 43, 48, 3]]","[[2, 49, 47, 42, 46, 41, 36, 30, 25, 20, 24, 19, 23, 28, 34, 39, 43, 48, 3]]","[[1, 4, 6, 8, 11, 14, 17, 13, 16, 20, 25, 30, 36, 41, 46, 42, 47, 49, 2], [1, 4, 6, 8, 11, 14, 17, 13, 16, 20, 24, 19, 23, 28, 34, 39, 43, 48, 3], [2, 49, 47, 42, 46, 41, 36, 30, 25, 20, 24, 19, 23, 28, 34, 39, 43, 48, 3]]",{20},1,[],0,"{frozenset({34, 40, 10, 47, 15, 16, 20, 22, 31}), frozenset({34, 36, 37, 5, 45, 14, 13, 19, 30}), frozenset({34, 38, 41, 10, 14, 15, 20, 24, 31}), frozenset({37, 41, 10, 43, 17, 18, 19, 21, 29}), frozenset({34, 35, 37, 6, 12, 45, 13, 22, 30})}"
"{6, 39, 38, 9, 11, 12, 44, 46, 21, 23, 30}",17,15,17,"[17, 15, 17]",2,"[[1, 4, 5, 7, 10, 13, 17, 14, 18, 22, 27, 32, 37, 42, 47, 49, 2], [1, 4, 5, 7, 10, 13, 17, 14, 18, 22, 26, 31, 37, 42, 47, 49, 2]]","[[1, 4, 5, 7, 10, 13, 16, 20, 24, 29, 34, 28, 33, 48, 3]]","[[2, 49, 47, 42, 37, 31, 36, 41, 45, 40, 35, 29, 34, 28, 33, 48, 3]]","[[1, 4, 5, 7, 10, 13, 17, 14, 18, 22, 27, 32, 37, 42, 47, 49, 2], [1, 4, 5, 7, 10, 13, 17, 14, 18, 22, 26, 31, 37, 42, 47, 49, 2], [1, 4, 5, 7, 10, 13, 16, 20, 24, 29, 34, 28, 33, 48, 3], [2, 49, 47, 42, 37, 31, 36, 41, 45, 40, 35, 29, 34, 28, 33, 48, 3]]","{29, 37, 13, 31}",4,"[[26, 22, 27, 32, 37, 31], [24, 20, 16, 13, 17, 14, 18, 22, 27, 32, 37, 31, 36, 41, 45, 40, 35, 29]]",2,"{frozenset({38, 6, 41, 9, 44, 46, 20, 21, 23, 27, 28}), frozenset({7, 9, 43, 11, 46, 47, 20, 22, 23, 27, 30}), frozenset({8, 9, 43, 44, 11, 47, 19, 21, 23, 27, 30}), frozenset({32, 33, 5, 40, 11, 44, 46, 20, 21, 23, 27}), frozenset({33, 5, 9, 42, 11, 44, 14, 46, 20, 27, 30})}"
"{34, 37, 7, 11, 45, 21, 25, 28, 31}",15,17,15,"[15, 17, 15]",2,"[[1, 4, 6, 8, 10, 13, 17, 14, 18, 22, 27, 32, 38, 49, 2]]","[[1, 4, 6, 8, 10, 13, 16, 20, 24, 29, 35, 40, 44, 39, 43, 48, 3]]","[[2, 49, 47, 42, 46, 41, 36, 30, 35, 40, 44, 39, 43, 48, 3]]","[[1, 4, 6, 8, 10, 13, 17, 14, 18, 22, 27, 32, 38, 49, 2], [1, 4, 6, 8, 10, 13, 16, 20, 24, 29, 35, 40, 44, 39, 43, 48, 3], [2, 49, 47, 42, 46, 41, 36, 30, 35, 40, 44, 39, 43, 48, 3]]","{49, 35, 13}",3,"[[20, 16, 12, 15, 19, 24], [30, 36, 41, 46, 42, 47, 49, 38, 32, 27, 22, 18, 14, 17, 13, 16, 12, 15, 19, 24, 29, 35]]",2,"{frozenset({37, 7, 10, 44, 18, 25, 28, 30, 31}), frozenset({32, 34, 8, 10, 46, 15, 25, 29, 30}), frozenset({34, 39, 10, 42, 13, 15, 21, 25, 27}), frozenset({32, 34, 37, 8, 9, 45, 20, 25, 29}), frozenset({37, 39, 10, 42, 13, 18, 20, 23, 25})}"
"{34, 8, 44, 45, 15, 47, 20, 22, 31}",19,19,19,"[19, 19, 19]",0,"[[1, 4, 5, 7, 10, 13, 17, 21, 25, 30, 36, 41, 46, 42, 37, 32, 38, 49, 2]]","[[1, 4, 5, 7, 10, 13, 17, 21, 25, 30, 35, 29, 24, 19, 23, 28, 33, 48, 3]]","[[2, 49, 38, 32, 37, 42, 46, 41, 36, 30, 35, 29, 24, 19, 23, 28, 33, 48, 3]]","[[1, 4, 5, 7, 10, 13, 17, 21, 25, 30, 36, 41, 46, 42, 37, 32, 38, 49, 2], [1, 4, 5, 7, 10, 13, 17, 21, 25, 30, 35, 29, 24, 19, 23, 28, 33, 48, 3], [2, 49, 38, 32, 37, 42, 46, 41, 36, 30, 35, 29, 24, 19, 23, 28, 33, 48, 3]]",{30},1,"[[10, 7, 9, 12, 16, 13]]",1,"{frozenset({37, 6, 12, 45, 13, 18, 27, 28, 30}), frozenset({37, 7, 43, 45, 46, 18, 19, 21, 29}), frozenset({33, 40, 9, 10, 42, 15, 18, 21, 29}), frozenset({32, 34, 5, 45, 14, 15, 13, 23, 30}), frozenset({38, 39, 41, 10, 11, 15, 18, 20, 31})}"
"{36, 10, 43, 11, 45, 47, 16, 23, 26, 29}",21,21,21,"[21, 21, 21]",0,"[[1, 4, 5, 7, 9, 12, 15, 19, 24, 20, 25, 21, 17, 14, 18, 22, 27, 32, 38, 49, 2]]","[[1, 4, 5, 7, 9, 12, 15, 19, 24, 20, 25, 30, 35, 40, 44, 39, 34, 28, 33, 48, 3]]","[[2, 49, 38, 32, 27, 22, 18, 14, 17, 21, 25, 30, 35, 40, 44, 39, 34, 28, 33, 48, 3]]","[[1, 4, 5, 7, 9, 12, 15, 19, 24, 20, 25, 21, 17, 14, 18, 22, 27, 32, 38, 49, 2], [1, 4, 5, 7, 9, 12, 15, 19, 24, 20, 25, 30, 35, 40, 44, 39, 34, 28, 33, 48, 3], [2, 49, 38, 32, 27, 22, 18, 14, 17, 21, 25, 30, 35, 40, 44, 39, 34, 28, 33, 48, 3]]",{25},1,[],0,"{frozenset({33, 36, 37, 5, 44, 15, 16, 17, 27, 29}), frozenset({34, 35, 38, 6, 46, 16, 17, 18, 23, 31}), frozenset({35, 9, 10, 43, 45, 47, 17, 24, 27, 31}), frozenset({34, 36, 6, 38, 9, 44, 13, 18, 24, 26}), frozenset({33, 35, 5, 37, 11, 13, 46, 15, 24, 26})}"
"{37, 40, 43, 11, 15, 16, 22, 23, 30}",17,17,19,"[17, 17, 19]",2,"[[1, 4, 5, 7, 10, 13, 17, 21, 26, 31, 36, 41, 46, 42, 47, 49, 2], [1, 4, 6, 8, 10, 13, 17, 21, 26, 31, 36, 41, 46, 42, 47, 49, 2]]","[[1, 4, 5, 7, 10, 13, 17, 21, 25, 20, 24, 29, 34, 28, 33, 48, 3], [1, 4, 6, 8, 10, 13, 17, 21, 25, 20, 24, 29, 34, 28, 33, 48, 3]]","[[2, 49, 47, 42, 46, 41, 36, 31, 26, 21, 25, 20, 24, 29, 34, 28, 33, 48, 3]]","[[1, 4, 5, 7, 10, 13, 17, 21, 26, 31, 36, 41, 46, 42, 47, 49, 2], [1, 4, 6, 8, 10, 13, 17, 21, 26, 31, 36, 41, 46, 42, 47, 49, 2], [1, 4, 5, 7, 10, 13, 17, 21, 25, 20, 24, 29, 34, 28, 33, 48, 3], [1, 4, 6, 8, 10, 13, 17, 21, 25, 20, 24, 29, 34, 28, 33, 48, 3], [2, 49, 47, 42, 46, 41, 36, 31, 26, 21, 25, 20, 24, 29, 34, 28, 33, 48, 3]]",{21},1,"[[8, 6, 4, 5, 7, 10]]",1,"{frozenset({35, 38, 10, 12, 45, 46, 21, 22, 23}), frozenset({37, 6, 41, 9, 44, 14, 15, 21, 24}), frozenset({33, 36, 10, 44, 45, 14, 19, 20, 27}), frozenset({34, 5, 40, 11, 12, 46, 18, 20, 26}), frozenset({34, 41, 9, 47, 17, 18, 19, 27, 30})}"
"{5, 38, 41, 13, 14, 19, 29, 31}",21,19,19,"[21, 19, 19]",2,"[[1, 4, 6, 8, 10, 7, 9, 12, 16, 20, 25, 21, 26, 22, 27, 32, 37, 42, 47, 49, 2]]","[[1, 4, 6, 8, 10, 7, 9, 12, 16, 20, 25, 30, 35, 40, 44, 39, 43, 48, 3]]","[[2, 49, 47, 42, 37, 32, 27, 22, 26, 21, 25, 30, 35, 40, 44, 39, 43, 48, 3]]","[[1, 4, 6, 8, 10, 7, 9, 12, 16, 20, 25, 21, 26, 22, 27, 32, 37, 42, 47, 49, 2], [1, 4, 6, 8, 10, 7, 9, 12, 16, 20, 25, 30, 35, 40, 44, 39, 43, 48, 3], [2, 49, 47, 42, 37, 32, 27, 22, 26, 21, 25, 30, 35, 40, 44, 39, 43, 48, 3]]",{25},1,"[[33, 28, 34, 39, 43, 48]]",1,"{frozenset({6, 40, 12, 13, 47, 22, 29, 31}), frozenset({5, 41, 43, 13, 14, 19, 29, 31}), frozenset({33, 40, 12, 13, 47, 22, 29, 31}), frozenset({38, 41, 43, 13, 14, 19, 29, 31}), frozenset({33, 6, 40, 12, 13, 22, 29, 31})}"
"{34, 39, 9, 13, 47, 16, 20, 27, 31}",19,19,19,"[19, 19, 19]",0,"[[1, 4, 6, 8, 11, 14, 17, 21, 25, 30, 36, 41, 46, 42, 37, 32, 38, 49, 2]]","[[1, 4, 6, 8, 11, 14, 17, 21, 25, 30, 35, 29, 24, 19, 23, 28, 33, 48, 3]]","[[2, 49, 38, 32, 37, 42, 46, 41, 36, 30, 35, 29, 24, 19, 23, 28, 33, 48, 3], [2, 49, 38, 32, 37, 42, 46, 41, 45, 40, 35, 29, 24, 19, 23, 28, 33, 48, 3]]","[[1, 4, 6, 8, 11, 14, 17, 21, 25, 30, 36, 41, 46, 42, 37, 32, 38, 49, 2], [1, 4, 6, 8, 11, 14, 17, 21, 25, 30, 35, 29, 24, 19, 23, 28, 33, 48, 3], [2, 49, 38, 32, 37, 42, 46, 41, 36, 30, 35, 29, 24, 19, 23, 28, 33, 48, 3], [2, 49, 38, 32, 37, 42, 46, 41, 45, 40, 35, 29, 24, 19, 23, 28, 33, 48, 3]]","{41, 35, 30}",3,"[[30, 36, 41, 45, 40, 35], [17, 14, 18, 22, 26, 21], [6, 4, 5, 7, 10, 8]]",3,"{frozenset({33, 7, 10, 44, 21, 26, 27, 29, 31}), frozenset({32, 35, 37, 6, 9, 44, 13, 29, 30}), frozenset({37, 42, 43, 11, 13, 17, 21, 23, 29}), frozenset({34, 36, 5, 11, 13, 46, 28, 30, 31}), frozenset({38, 8, 10, 46, 20, 23, 24, 29, 31})}"
"{37, 7, 43, 45, 46, 18, 19, 21, 29}",19,19,19,"[19, 19, 19]",0,"[[1, 4, 6, 8, 10, 13, 16, 20, 25, 30, 36, 31, 26, 22, 27, 32, 38, 49, 2]]","[[1, 4, 6, 8, 10, 13, 16, 20, 25, 30, 35, 40, 44, 39, 34, 28, 33, 48, 3]]","[[2, 49, 38, 32, 27, 22, 26, 31, 36, 30, 35, 40, 44, 39, 34, 28, 33, 48, 3]]","[[1, 4, 6, 8, 10, 13, 16, 20, 25, 30, 36, 31, 26, 22, 27, 32, 38, 49, 2], [1, 4, 6, 8, 10, 13, 16, 20, 25, 30, 35, 40, 44, 39, 34, 28, 33, 48, 3], [2, 49, 38, 32, 27, 22, 26, 31, 36, 30, 35, 40, 44, 39, 34, 28, 33, 48, 3]]",{30},1,"[[10, 8, 11, 14, 17, 13]]",1,"{frozenset({34, 8, 44, 45, 47, 15, 20, 22, 31}), frozenset({37, 6, 12, 45, 13, 18, 27, 28, 30}), frozenset({32, 34, 5, 45, 14, 15, 13, 23, 30}), frozenset({33, 40, 9, 10, 42, 15, 18, 21, 29}), frozenset({38, 39, 41, 10, 11, 15, 18, 20, 31})}"
"{33, 35, 37, 9, 45, 13, 24, 26, 27}",17,21,21,"[17, 21, 21]",4,"[[1, 4, 6, 8, 11, 14, 17, 21, 25, 30, 36, 41, 46, 42, 47, 49, 2]]","[[1, 4, 6, 8, 11, 14, 17, 21, 25, 20, 16, 12, 15, 19, 23, 28, 34, 39, 43, 48, 3]]","[[2, 49, 47, 42, 46, 41, 36, 30, 25, 20, 16, 12, 15, 19, 23, 28, 34, 39, 43, 48, 3]]","[[1, 4, 6, 8, 11, 14, 17, 21, 25, 30, 36, 41, 46, 42, 47, 49, 2], [1, 4, 6, 8, 11, 14, 17, 21, 25, 20, 16, 12, 15, 19, 23, 28, 34, 39, 43, 48, 3], [2, 49, 47, 42, 46, 41, 36, 30, 25, 20, 16, 12, 15, 19, 23, 28, 34, 39, 43, 48, 3]]",{25},1,"[[6, 4, 5, 7, 10, 8]]",1,"{frozenset({36, 9, 10, 44, 47, 16, 18, 26, 29}), frozenset({35, 10, 43, 11, 46, 15, 17, 24, 31}), frozenset({34, 35, 6, 44, 15, 16, 17, 27, 31}), frozenset({34, 36, 38, 11, 45, 13, 23, 24, 26}), frozenset({36, 37, 5, 46, 16, 17, 18, 23, 29})}"
"{34, 5, 37, 13, 45, 14, 19, 27, 30}",21,19,21,"[21, 19, 21]",2,"[[1, 4, 6, 8, 10, 7, 9, 12, 16, 20, 25, 21, 26, 31, 36, 41, 46, 42, 47, 49, 2]]","[[1, 4, 6, 8, 10, 7, 9, 12, 16, 20, 24, 29, 35, 40, 44, 39, 43, 48, 3]]","[[2, 49, 47, 42, 46, 41, 36, 31, 26, 21, 25, 20, 24, 29, 35, 40, 44, 39, 43, 48, 3]]","[[1, 4, 6, 8, 10, 7, 9, 12, 16, 20, 25, 21, 26, 31, 36, 41, 46, 42, 47, 49, 2], [1, 4, 6, 8, 10, 7, 9, 12, 16, 20, 24, 29, 35, 40, 44, 39, 43, 48, 3], [2, 49, 47, 42, 46, 41, 36, 31, 26, 21, 25, 20, 24, 29, 35, 40, 44, 39, 43, 48, 3]]",{20},1,[],0,"{frozenset({34, 38, 41, 10, 44, 14, 15, 20, 31}), frozenset({33, 37, 40, 10, 12, 46, 18, 21, 29}), frozenset({34, 40, 10, 11, 15, 47, 20, 22, 31}), frozenset({37, 41, 10, 43, 9, 18, 19, 21, 29}), frozenset({34, 37, 6, 12, 45, 13, 22, 23, 30})}"
"{34, 36, 6, 38, 9, 44, 13, 18, 24, 26}",21,21,21,"[21, 21, 21]",0,"[[1, 4, 5, 7, 10, 8, 11, 14, 17, 21, 25, 30, 35, 40, 45, 41, 46, 42, 47, 49, 2]]","[[1, 4, 5, 7, 10, 8, 11, 14, 17, 21, 25, 20, 16, 12, 15, 19, 23, 28, 33, 48, 3]]","[[2, 49, 47, 42, 46, 41, 45, 40, 35, 30, 25, 20, 16, 12, 15, 19, 23, 28, 33, 48, 3]]","[[1, 4, 5, 7, 10, 8, 11, 14, 17, 21, 25, 30, 35, 40, 45, 41, 46, 42, 47, 49, 2], [1, 4, 5, 7, 10, 8, 11, 14, 17, 21, 25, 20, 16, 12, 15, 19, 23, 28, 33, 48, 3], [2, 49, 47, 42, 46, 41, 45, 40, 35, 30, 25, 20, 16, 12, 15, 19, 23, 28, 33, 48, 3]]",{25},1,[],0,"{frozenset({33, 36, 5, 37, 44, 15, 16, 17, 27, 29}), frozenset({34, 35, 38, 6, 46, 16, 17, 18, 23, 31}), frozenset({35, 9, 10, 43, 45, 47, 17, 24, 27, 31}), frozenset({33, 35, 5, 37, 11, 13, 46, 15, 24, 26}), frozenset({36, 10, 43, 11, 45, 47, 16, 23, 26, 29})}"
"{36, 5, 37, 46, 16, 17, 18, 23, 29}",21,21,17,"[21, 21, 17]",4,"[[1, 4, 6, 8, 10, 7, 9, 12, 15, 19, 24, 20, 25, 21, 26, 22, 27, 32, 38, 49, 2]]","[[1, 4, 6, 8, 10, 7, 9, 12, 15, 19, 24, 20, 25, 30, 35, 40, 44, 39, 43, 48, 3]]","[[2, 49, 38, 32, 27, 22, 26, 21, 25, 30, 35, 40, 44, 39, 43, 48, 3]]","[[1, 4, 6, 8, 10, 7, 9, 12, 15, 19, 24, 20, 25, 21, 26, 22, 27, 32, 38, 49, 2], [1, 4, 6, 8, 10, 7, 9, 12, 15, 19, 24, 20, 25, 30, 35, 40, 44, 39, 43, 48, 3], [2, 49, 38, 32, 27, 22, 26, 21, 25, 30, 35, 40, 44, 39, 43, 48, 3]]",{25},1,"[[33, 28, 34, 39, 43, 48]]",1,"{frozenset({36, 9, 10, 44, 47, 16, 18, 26, 29}), frozenset({33, 35, 37, 9, 45, 13, 24, 26, 27}), frozenset({35, 10, 11, 43, 46, 15, 17, 24, 31}), frozenset({34, 35, 6, 44, 15, 16, 17, 27, 31}), frozenset({34, 36, 38, 11, 45, 13, 23, 24, 26})}"
"{34, 39, 9, 13, 47, 16, 20, 27, 31}",19,19,19,"[19, 19, 19]",0,"[[1, 4, 6, 8, 11, 14, 17, 21, 25, 30, 36, 41, 46, 42, 37, 32, 38, 49, 2]]","[[1, 4, 6, 8, 11, 14, 17, 21, 25, 30, 35, 29, 24, 19, 23, 28, 33, 48, 3]]","[[2, 49, 38, 32, 37, 42, 46, 41, 36, 30, 35, 29, 24, 19, 23, 28, 33, 48, 3], [2, 49, 38, 32, 37, 42, 46, 41, 45, 40, 35, 29, 24, 19, 23, 28, 33, 48, 3]]","[[1, 4, 6, 8, 11, 14, 17, 21, 25, 30, 36, 41, 46, 42, 37, 32, 38, 49, 2], [1, 4, 6, 8, 11, 14, 17, 21, 25, 30, 35, 29, 24, 19, 23, 28, 33, 48, 3], [2, 49, 38, 32, 37, 42, 46, 41, 36, 30, 35, 29, 24, 19, 23, 28, 33, 48, 3], [2, 49, 38, 32, 37, 42, 46, 41, 45, 40, 35, 29, 24, 19, 23, 28, 33, 48, 3]]","{41, 35, 30}",3,"[[30, 36, 41, 45, 40, 35], [17, 14, 18, 22, 26, 21], [6, 4, 5, 7, 10, 8]]",3,"{frozenset({33, 7, 10, 44, 21, 26, 27, 29, 31}), frozenset({32, 35, 37, 6, 9, 44, 13, 29, 30}), frozenset({37, 42, 43, 11, 13, 17, 21, 23, 29}), frozenset({34, 36, 5, 11, 13, 46, 28, 30, 31}), frozenset({38, 8, 10, 46, 20, 23, 24, 29, 31})}"
"{36, 38, 41, 43, 13, 14, 19, 29}",17,19,19,"[17, 19, 19]",2,"[[1, 4, 5, 7, 9, 12, 16, 20, 25, 21, 26, 31, 37, 42, 47, 49, 2]]","[[1, 4, 5, 7, 9, 12, 16, 20, 25, 30, 35, 40, 44, 39, 34, 28, 33, 48, 3]]","[[2, 49, 47, 42, 37, 31, 26, 21, 25, 30, 35, 40, 44, 39, 34, 28, 33, 48, 3]]","[[1, 4, 5, 7, 9, 12, 16, 20, 25, 21, 26, 31, 37, 42, 47, 49, 2], [1, 4, 5, 7, 9, 12, 16, 20, 25, 30, 35, 40, 44, 39, 34, 28, 33, 48, 3], [2, 49, 47, 42, 37, 31, 26, 21, 25, 30, 35, 40, 44, 39, 34, 28, 33, 48, 3]]",{25},1,"[[5, 4, 6, 8, 10, 7], [22, 27, 32, 37, 31, 26]]",2,"{frozenset({33, 6, 40, 12, 16, 22, 29, 31}), frozenset({5, 38, 41, 14, 17, 19, 29, 31}), frozenset({6, 40, 12, 13, 47, 22, 26, 29}), frozenset({33, 35, 40, 12, 13, 47, 22, 31}), frozenset({5, 41, 43, 13, 14, 19, 24, 31})}"
"{32, 34, 5, 45, 13, 15, 14, 23, 30}",19,19,19,"[19, 19, 19]",0,"[[1, 4, 6, 8, 10, 7, 9, 12, 16, 20, 25, 21, 26, 31, 37, 42, 47, 49, 2]]","[[1, 4, 6, 8, 10, 7, 9, 12, 16, 20, 24, 29, 35, 40, 44, 39, 43, 48, 3]]","[[2, 49, 47, 42, 37, 31, 26, 21, 25, 20, 24, 29, 35, 40, 44, 39, 43, 48, 3]]","[[1, 4, 6, 8, 10, 7, 9, 12, 16, 20, 25, 21, 26, 31, 37, 42, 47, 49, 2], [1, 4, 6, 8, 10, 7, 9, 12, 16, 20, 24, 29, 35, 40, 44, 39, 43, 48, 3], [2, 49, 47, 42, 37, 31, 26, 21, 25, 20, 24, 29, 35, 40, 44, 39, 43, 48, 3]]",{20},1,"[[37, 42, 46, 41, 36, 31]]",1,"{frozenset({34, 8, 44, 45, 15, 47, 20, 22, 31}), frozenset({37, 6, 12, 13, 45, 18, 27, 28, 30}), frozenset({37, 7, 43, 45, 46, 18, 19, 21, 29}), frozenset({33, 40, 9, 42, 10, 15, 18, 21, 29}), frozenset({38, 39, 41, 10, 11, 15, 18, 20, 31})}"
"{36, 39, 11, 44, 14, 15, 16, 26, 29}",19,17,19,"[19, 17, 19]",2,"[[1, 4, 5, 7, 10, 13, 17, 21, 25, 30, 35, 40, 45, 41, 46, 42, 47, 49, 2], [1, 4, 6, 8, 10, 13, 17, 21, 25, 30, 35, 40, 45, 41, 46, 42, 47, 49, 2]]","[[1, 4, 5, 7, 10, 13, 17, 21, 25, 20, 24, 19, 23, 28, 33, 48, 3], [1, 4, 6, 8, 10, 13, 17, 21, 25, 20, 24, 19, 23, 28, 33, 48, 3]]","[[2, 49, 47, 42, 46, 41, 45, 40, 35, 30, 25, 20, 24, 19, 23, 28, 33, 48, 3]]","[[1, 4, 5, 7, 10, 13, 17, 21, 25, 30, 35, 40, 45, 41, 46, 42, 47, 49, 2], [1, 4, 6, 8, 10, 13, 17, 21, 25, 30, 35, 40, 45, 41, 46, 42, 47, 49, 2], [1, 4, 5, 7, 10, 13, 17, 21, 25, 20, 24, 19, 23, 28, 33, 48, 3], [1, 4, 6, 8, 10, 13, 17, 21, 25, 20, 24, 19, 23, 28, 33, 48, 3], [2, 49, 47, 42, 46, 41, 45, 40, 35, 30, 25, 20, 24, 19, 23, 28, 33, 48, 3]]",{25},1,"[[37, 32, 38, 49, 47, 42], [8, 6, 4, 5, 7, 10]]",2,"{frozenset({36, 8, 40, 11, 44, 13, 15, 24, 26}), frozenset({35, 9, 42, 12, 46, 17, 18, 24, 31}), frozenset({32, 35, 45, 16, 17, 19, 23, 27, 31}), frozenset({35, 7, 9, 41, 13, 46, 18, 24, 26}), frozenset({36, 45, 16, 17, 22, 23, 27, 28, 29})}"
"{34, 38, 41, 10, 14, 15, 20, 24, 31}",19,19,19,"[19, 19, 19]",0,"[[1, 4, 5, 7, 9, 12, 16, 13, 17, 21, 26, 22, 27, 32, 37, 42, 47, 49, 2]]","[[1, 4, 5, 7, 9, 12, 16, 13, 17, 21, 25, 30, 35, 40, 44, 39, 43, 48, 3]]","[[2, 49, 47, 42, 37, 32, 27, 22, 26, 21, 25, 30, 35, 40, 44, 39, 43, 48, 3]]","[[1, 4, 5, 7, 9, 12, 16, 13, 17, 21, 26, 22, 27, 32, 37, 42, 47, 49, 2], [1, 4, 5, 7, 9, 12, 16, 13, 17, 21, 25, 30, 35, 40, 44, 39, 43, 48, 3], [2, 49, 47, 42, 37, 32, 27, 22, 26, 21, 25, 30, 35, 40, 44, 39, 43, 48, 3]]",{21},1,[],0,"{frozenset({34, 40, 10, 47, 15, 16, 20, 22, 31}), frozenset({34, 35, 37, 6, 12, 45, 13, 22, 30}), frozenset({34, 36, 5, 37, 45, 14, 13, 19, 30}), frozenset({37, 41, 10, 43, 17, 18, 19, 21, 29}), frozenset({33, 37, 40, 10, 12, 18, 21, 26, 29})}"
"{34, 38, 41, 12, 14, 15, 20, 24, 31}",17,17,19,"[17, 17, 19]",2,"[[1, 4, 5, 7, 10, 13, 17, 21, 26, 22, 27, 32, 37, 42, 47, 49, 2], [1, 4, 6, 8, 10, 13, 17, 21, 26, 22, 27, 32, 37, 42, 47, 49, 2]]","[[1, 4, 5, 7, 10, 13, 17, 21, 25, 30, 35, 40, 44, 39, 43, 48, 3], [1, 4, 6, 8, 10, 13, 17, 21, 25, 30, 35, 40, 44, 39, 43, 48, 3]]","[[2, 49, 47, 42, 37, 32, 27, 22, 26, 21, 25, 30, 35, 40, 44, 39, 43, 48, 3]]","[[1, 4, 5, 7, 10, 13, 17, 21, 26, 22, 27, 32, 37, 42, 47, 49, 2], [1, 4, 6, 8, 10, 13, 17, 21, 26, 22, 27, 32, 37, 42, 47, 49, 2], [1, 4, 5, 7, 10, 13, 17, 21, 25, 30, 35, 40, 44, 39, 43, 48, 3], [1, 4, 6, 8, 10, 13, 17, 21, 25, 30, 35, 40, 44, 39, 43, 48, 3], [2, 49, 47, 42, 37, 32, 27, 22, 26, 21, 25, 30, 35, 40, 44, 39, 43, 48, 3]]",{21},1,"[[8, 6, 4, 5, 7, 10]]",1,"{frozenset({41, 10, 43, 17, 18, 19, 21, 22, 29}), frozenset({34, 35, 6, 41, 12, 45, 13, 22, 30}), frozenset({40, 10, 47, 15, 16, 19, 20, 22, 31}), frozenset({36, 5, 37, 40, 45, 14, 13, 19, 30}), frozenset({33, 37, 40, 12, 14, 18, 21, 26, 29})}"
"{34, 38, 40, 41, 12, 14, 15, 20, 31}",17,19,21,"[17, 19, 21]",4,"[[1, 4, 5, 7, 10, 13, 17, 21, 26, 22, 27, 32, 37, 42, 47, 49, 2], [1, 4, 6, 8, 10, 13, 17, 21, 26, 22, 27, 32, 37, 42, 47, 49, 2]]","[[1, 4, 5, 7, 10, 13, 17, 21, 25, 30, 35, 29, 24, 19, 23, 28, 33, 48, 3], [1, 4, 6, 8, 10, 13, 17, 21, 25, 30, 35, 29, 24, 19, 23, 28, 33, 48, 3]]","[[2, 49, 47, 42, 37, 32, 27, 22, 26, 21, 25, 30, 35, 29, 24, 19, 23, 28, 33, 48, 3]]","[[1, 4, 5, 7, 10, 13, 17, 21, 26, 22, 27, 32, 37, 42, 47, 49, 2], [1, 4, 6, 8, 10, 13, 17, 21, 26, 22, 27, 32, 37, 42, 47, 49, 2], [1, 4, 5, 7, 10, 13, 17, 21, 25, 30, 35, 29, 24, 19, 23, 28, 33, 48, 3], [1, 4, 6, 8, 10, 13, 17, 21, 25, 30, 35, 29, 24, 19, 23, 28, 33, 48, 3], [2, 49, 47, 42, 37, 32, 27, 22, 26, 21, 25, 30, 35, 29, 24, 19, 23, 28, 33, 48, 3]]",{21},1,"[[8, 6, 4, 5, 7, 10]]",1,"{frozenset({41, 10, 43, 12, 18, 19, 21, 22, 29}), frozenset({40, 10, 14, 47, 15, 19, 20, 22, 31}), frozenset({34, 6, 41, 12, 45, 13, 19, 22, 30}), frozenset({5, 37, 40, 45, 14, 13, 19, 22, 30}), frozenset({33, 37, 40, 41, 12, 14, 18, 21, 29})}"
"{32, 35, 9, 10, 43, 12, 45, 18, 21, 23}",19,17,17,"[19, 17, 17]",2,"[[1, 4, 6, 8, 11, 14, 17, 13, 16, 20, 25, 30, 36, 31, 37, 42, 47, 49, 2], [1, 4, 6, 8, 11, 14, 17, 13, 16, 20, 25, 30, 36, 41, 46, 42, 47, 49, 2]]","[[1, 4, 6, 8, 11, 14, 17, 13, 16, 20, 24, 29, 34, 28, 33, 48, 3]]","[[2, 49, 47, 42, 37, 31, 36, 30, 25, 20, 24, 29, 34, 28, 33, 48, 3], [2, 49, 47, 42, 46, 41, 36, 30, 25, 20, 24, 29, 34, 28, 33, 48, 3]]","[[1, 4, 6, 8, 11, 14, 17, 13, 16, 20, 25, 30, 36, 31, 37, 42, 47, 49, 2], [1, 4, 6, 8, 11, 14, 17, 13, 16, 20, 25, 30, 36, 41, 46, 42, 47, 49, 2], [1, 4, 6, 8, 11, 14, 17, 13, 16, 20, 24, 29, 34, 28, 33, 48, 3], [2, 49, 47, 42, 37, 31, 36, 30, 25, 20, 24, 29, 34, 28, 33, 48, 3], [2, 49, 47, 42, 46, 41, 36, 30, 25, 20, 24, 29, 34, 28, 33, 48, 3]]",{20},1,"[[31, 37, 42, 46, 41, 36]]",1,"{frozenset({34, 6, 9, 42, 45, 17, 18, 19, 23, 30}), frozenset({5, 37, 39, 11, 45, 15, 16, 22, 27, 30}), frozenset({34, 38, 7, 40, 44, 46, 15, 18, 20, 26}), frozenset({36, 10, 11, 45, 14, 47, 15, 20, 27, 28}), frozenset({33, 37, 8, 41, 44, 46, 15, 18, 21, 24})}"
"{32, 35, 9, 10, 43, 12, 45, 18, 23, 25}",15,17,19,"[15, 17, 19]",4,"[[1, 4, 6, 8, 11, 14, 17, 21, 26, 31, 37, 42, 47, 49, 2]]","[[1, 4, 6, 8, 11, 14, 17, 13, 16, 20, 24, 29, 34, 28, 33, 48, 3]]","[[2, 49, 47, 42, 37, 31, 26, 21, 17, 13, 16, 20, 24, 29, 34, 28, 33, 48, 3]]","[[1, 4, 6, 8, 11, 14, 17, 21, 26, 31, 37, 42, 47, 49, 2], [1, 4, 6, 8, 11, 14, 17, 13, 16, 20, 24, 29, 34, 28, 33, 48, 3], [2, 49, 47, 42, 37, 31, 26, 21, 17, 13, 16, 20, 24, 29, 34, 28, 33, 48, 3]]",{17},1,"[[37, 42, 46, 41, 36, 31]]",1,"{frozenset({34, 6, 9, 42, 45, 17, 18, 19, 23, 25}), frozenset({33, 37, 8, 41, 44, 46, 15, 18, 24, 25}), frozenset({5, 37, 39, 11, 45, 15, 16, 22, 25, 27}), frozenset({34, 38, 7, 40, 44, 46, 15, 18, 25, 26}), frozenset({36, 10, 11, 45, 14, 47, 15, 25, 27, 28})}"
"{32, 35, 37, 9, 10, 43, 45, 18, 23, 25}",17,17,21,"[17, 17, 21]",4,"[[1, 4, 6, 8, 11, 14, 17, 21, 26, 31, 36, 41, 46, 42, 47, 49, 2]]","[[1, 4, 6, 8, 11, 14, 17, 13, 16, 20, 24, 29, 34, 28, 33, 48, 3]]","[[2, 49, 47, 42, 46, 41, 36, 31, 26, 21, 17, 13, 16, 20, 24, 29, 34, 28, 33, 48, 3]]","[[1, 4, 6, 8, 11, 14, 17, 21, 26, 31, 36, 41, 46, 42, 47, 49, 2], [1, 4, 6, 8, 11, 14, 17, 13, 16, 20, 24, 29, 34, 28, 33, 48, 3], [2, 49, 47, 42, 46, 41, 36, 31, 26, 21, 17, 13, 16, 20, 24, 29, 34, 28, 33, 48, 3]]",{17},1,"[[20, 16, 12, 15, 19, 24]]",1,"{frozenset({33, 37, 8, 10, 44, 46, 15, 18, 24, 25}), frozenset({34, 36, 10, 11, 45, 47, 15, 25, 27, 28}), frozenset({34, 37, 6, 9, 42, 45, 17, 18, 23, 25}), frozenset({34, 37, 5, 39, 11, 45, 15, 16, 25, 27}), frozenset({34, 38, 7, 10, 44, 46, 15, 18, 25, 26})}"
"{33, 37, 10, 11, 45, 15, 27, 29, 30}",19,17,21,"[19, 17, 21]",4,"[[1, 4, 5, 7, 9, 12, 16, 13, 17, 21, 26, 31, 36, 41, 46, 42, 47, 49, 2], [1, 4, 5, 7, 9, 12, 16, 20, 25, 21, 26, 31, 36, 41, 46, 42, 47, 49, 2]]","[[1, 4, 5, 7, 9, 12, 16, 20, 24, 19, 23, 28, 34, 39, 43, 48, 3]]","[[2, 49, 47, 42, 46, 41, 36, 31, 26, 21, 25, 20, 24, 19, 23, 28, 34, 39, 43, 48, 3]]","[[1, 4, 5, 7, 9, 12, 16, 13, 17, 21, 26, 31, 36, 41, 46, 42, 47, 49, 2], [1, 4, 5, 7, 9, 12, 16, 20, 25, 21, 26, 31, 36, 41, 46, 42, 47, 49, 2], [1, 4, 5, 7, 9, 12, 16, 20, 24, 19, 23, 28, 34, 39, 43, 48, 3], [2, 49, 47, 42, 46, 41, 36, 31, 26, 21, 25, 20, 24, 19, 23, 28, 34, 39, 43, 48, 3]]","{16, 20, 21}",3,"[[17, 14, 18, 22, 26, 21], [16, 13, 17, 21, 25, 20]]",2,"{frozenset({34, 38, 9, 10, 45, 18, 23, 30, 31}), frozenset({34, 9, 10, 45, 47, 18, 21, 23, 31}), frozenset({34, 37, 6, 44, 13, 46, 15, 18, 20}), frozenset({37, 10, 43, 11, 45, 15, 20, 27, 29}), frozenset({34, 37, 5, 44, 13, 46, 15, 18, 21})}"
"{34, 37, 9, 10, 47, 18, 21, 25, 28}",23,19,17,"[23, 19, 17]",6,"[[1, 4, 6, 8, 11, 14, 17, 13, 16, 20, 24, 29, 35, 30, 36, 31, 26, 22, 27, 32, 38, 49, 2]]","[[1, 4, 6, 8, 11, 14, 17, 13, 16, 20, 24, 29, 35, 40, 44, 39, 43, 48, 3]]","[[2, 49, 38, 32, 27, 22, 26, 31, 36, 30, 35, 40, 44, 39, 43, 48, 3], [2, 49, 38, 32, 27, 22, 26, 31, 36, 41, 45, 40, 44, 39, 43, 48, 3]]","[[1, 4, 6, 8, 11, 14, 17, 13, 16, 20, 24, 29, 35, 30, 36, 31, 26, 22, 27, 32, 38, 49, 2], [1, 4, 6, 8, 11, 14, 17, 13, 16, 20, 24, 29, 35, 40, 44, 39, 43, 48, 3], [2, 49, 38, 32, 27, 22, 26, 31, 36, 30, 35, 40, 44, 39, 43, 48, 3], [2, 49, 38, 32, 27, 22, 26, 31, 36, 41, 45, 40, 44, 39, 43, 48, 3]]","{40, 35, 36}",3,"[[35, 30, 36, 41, 45, 40], [20, 16, 12, 15, 19, 24]]",2,"{frozenset({34, 5, 37, 39, 10, 46, 18, 21, 25}), frozenset({34, 37, 38, 7, 10, 45, 23, 25, 30}), frozenset({34, 37, 6, 10, 42, 44, 15, 20, 25}), frozenset({33, 34, 37, 8, 10, 45, 25, 27, 30}), frozenset({32, 34, 37, 10, 43, 11, 15, 20, 25})}"
"{34, 36, 38, 9, 44, 13, 18, 24, 26}",19,19,21,"[19, 19, 21]",2,"[[1, 4, 6, 8, 11, 14, 17, 21, 25, 30, 35, 40, 45, 41, 46, 42, 47, 49, 2]]","[[1, 4, 6, 8, 11, 14, 17, 21, 25, 20, 16, 12, 15, 19, 23, 28, 33, 48, 3]]","[[2, 49, 47, 42, 46, 41, 45, 40, 35, 30, 25, 20, 16, 12, 15, 19, 23, 28, 33, 48, 3]]","[[1, 4, 6, 8, 11, 14, 17, 21, 25, 30, 35, 40, 45, 41, 46, 42, 47, 49, 2], [1, 4, 6, 8, 11, 14, 17, 21, 25, 20, 16, 12, 15, 19, 23, 28, 33, 48, 3], [2, 49, 47, 42, 46, 41, 45, 40, 35, 30, 25, 20, 16, 12, 15, 19, 23, 28, 33, 48, 3]]",{25},1,"[[6, 4, 5, 7, 10, 8]]",1,"{frozenset({36, 10, 11, 45, 47, 16, 23, 26, 29}), frozenset({33, 35, 37, 11, 13, 46, 15, 24, 26}), frozenset({36, 5, 37, 44, 15, 16, 17, 27, 29}), frozenset({34, 35, 6, 46, 16, 17, 18, 23, 31}), frozenset({35, 9, 10, 43, 45, 17, 24, 27, 31})}"
"{34, 36, 38, 9, 44, 13, 18, 26, 30}",21,17,17,"[21, 17, 17]",4,"[[1, 4, 6, 8, 11, 14, 17, 21, 25, 20, 24, 29, 35, 40, 45, 41, 46, 42, 47, 49, 2]]","[[1, 4, 6, 8, 11, 14, 17, 21, 25, 20, 24, 19, 23, 28, 33, 48, 3]]","[[2, 49, 47, 42, 46, 41, 45, 40, 35, 29, 24, 19, 23, 28, 33, 48, 3]]","[[1, 4, 6, 8, 11, 14, 17, 21, 25, 20, 24, 29, 35, 40, 45, 41, 46, 42, 47, 49, 2], [1, 4, 6, 8, 11, 14, 17, 21, 25, 20, 24, 19, 23, 28, 33, 48, 3], [2, 49, 47, 42, 46, 41, 45, 40, 35, 29, 24, 19, 23, 28, 33, 48, 3]]",{24},1,"[[6, 4, 5, 7, 10, 8], [15, 12, 16, 20, 24, 19]]",2,"{frozenset({33, 35, 37, 11, 13, 46, 15, 24, 30}), frozenset({34, 6, 46, 16, 17, 18, 20, 23, 31}), frozenset({35, 9, 10, 43, 45, 20, 24, 27, 31}), frozenset({36, 10, 11, 45, 47, 21, 23, 26, 29}), frozenset({5, 37, 44, 15, 16, 17, 21, 27, 29})}"
"{34, 36, 38, 9, 44, 13, 24, 26, 30}",15,19,23,"[15, 19, 23]",8,"[[1, 4, 6, 8, 11, 14, 18, 22, 27, 32, 37, 42, 47, 49, 2]]","[[1, 4, 6, 8, 11, 14, 17, 21, 25, 20, 16, 12, 15, 19, 23, 28, 33, 48, 3]]","[[2, 49, 47, 42, 37, 32, 27, 22, 18, 14, 17, 21, 25, 20, 16, 12, 15, 19, 23, 28, 33, 48, 3]]","[[1, 4, 6, 8, 11, 14, 18, 22, 27, 32, 37, 42, 47, 49, 2], [1, 4, 6, 8, 11, 14, 17, 21, 25, 20, 16, 12, 15, 19, 23, 28, 33, 48, 3], [2, 49, 47, 42, 37, 32, 27, 22, 18, 14, 17, 21, 25, 20, 16, 12, 15, 19, 23, 28, 33, 48, 3]]",{14},1,"[[6, 4, 5, 7, 10, 8]]",1,"{frozenset({34, 35, 6, 46, 16, 17, 20, 23, 31}), frozenset({33, 35, 37, 11, 13, 46, 24, 26, 30}), frozenset({35, 9, 10, 43, 17, 20, 24, 27, 31}), frozenset({36, 10, 11, 47, 16, 21, 23, 26, 29}), frozenset({36, 5, 37, 44, 16, 17, 21, 27, 29})}"
"{32, 34, 6, 12, 45, 18, 19, 21, 25}",19,17,15,"[19, 17, 15]",4,"[[1, 4, 5, 7, 10, 13, 16, 20, 24, 29, 35, 30, 36, 31, 37, 42, 47, 49, 2], [1, 4, 5, 7, 10, 13, 16, 20, 24, 29, 35, 30, 36, 41, 46, 42, 47, 49, 2]]","[[1, 4, 5, 7, 10, 13, 16, 20, 24, 29, 35, 40, 44, 39, 43, 48, 3]]","[[2, 49, 47, 42, 37, 31, 36, 30, 35, 40, 44, 39, 43, 48, 3], [2, 49, 47, 42, 46, 41, 36, 30, 35, 40, 44, 39, 43, 48, 3]]","[[1, 4, 5, 7, 10, 13, 16, 20, 24, 29, 35, 30, 36, 31, 37, 42, 47, 49, 2], [1, 4, 5, 7, 10, 13, 16, 20, 24, 29, 35, 30, 36, 41, 46, 42, 47, 49, 2], [1, 4, 5, 7, 10, 13, 16, 20, 24, 29, 35, 40, 44, 39, 43, 48, 3], [2, 49, 47, 42, 37, 31, 36, 30, 35, 40, 44, 39, 43, 48, 3], [2, 49, 47, 42, 46, 41, 36, 30, 35, 40, 44, 39, 43, 48, 3]]",{35},1,"[[10, 8, 11, 14, 17, 13], [31, 37, 42, 46, 41, 36]]",2,"{frozenset({5, 37, 45, 14, 15, 20, 22, 25, 28}), frozenset({33, 37, 7, 40, 41, 15, 18, 20, 25}), frozenset({39, 10, 45, 14, 15, 47, 22, 25, 30}), frozenset({34, 38, 8, 41, 40, 15, 18, 21, 25}), frozenset({42, 43, 10, 45, 12, 18, 19, 25, 30})}"
"{32, 34, 6, 40, 12, 45, 18, 21, 25}",19,15,17,"[19, 15, 17]",4,"[[1, 4, 5, 7, 10, 13, 16, 20, 24, 29, 35, 30, 36, 31, 37, 42, 47, 49, 2], [1, 4, 5, 7, 10, 13, 16, 20, 24, 29, 35, 30, 36, 41, 46, 42, 47, 49, 2]]","[[1, 4, 5, 7, 10, 13, 16, 20, 24, 19, 23, 28, 33, 48, 3]]","[[2, 49, 47, 42, 37, 31, 36, 30, 35, 29, 24, 19, 23, 28, 33, 48, 3], [2, 49, 47, 42, 46, 41, 36, 30, 35, 29, 24, 19, 23, 28, 33, 48, 3]]","[[1, 4, 5, 7, 10, 13, 16, 20, 24, 29, 35, 30, 36, 31, 37, 42, 47, 49, 2], [1, 4, 5, 7, 10, 13, 16, 20, 24, 29, 35, 30, 36, 41, 46, 42, 47, 49, 2], [1, 4, 5, 7, 10, 13, 16, 20, 24, 19, 23, 28, 33, 48, 3], [2, 49, 47, 42, 37, 31, 36, 30, 35, 29, 24, 19, 23, 28, 33, 48, 3], [2, 49, 47, 42, 46, 41, 36, 30, 35, 29, 24, 19, 23, 28, 33, 48, 3]]",{24},1,"[[31, 37, 42, 46, 41, 36], [10, 8, 11, 14, 17, 13]]",2,"{frozenset({34, 38, 8, 41, 15, 18, 19, 21, 25}), frozenset({39, 10, 12, 45, 47, 15, 22, 25, 30}), frozenset({42, 43, 10, 45, 14, 18, 19, 25, 30}), frozenset({33, 37, 7, 40, 15, 18, 20, 22, 25}), frozenset({5, 37, 41, 45, 14, 15, 20, 25, 28})}"
"{32, 34, 6, 40, 12, 45, 13, 21, 25}",17,23,17,"[17, 23, 17]",6,"[[1, 4, 5, 7, 10, 8, 11, 14, 18, 22, 26, 31, 37, 42, 47, 49, 2]]","[[1, 4, 5, 7, 10, 8, 11, 14, 18, 22, 26, 31, 36, 30, 35, 29, 24, 19, 23, 28, 33, 48, 3]]","[[2, 49, 47, 42, 37, 31, 36, 30, 35, 29, 24, 19, 23, 28, 33, 48, 3], [2, 49, 47, 42, 46, 41, 36, 30, 35, 29, 24, 19, 23, 28, 33, 48, 3]]","[[1, 4, 5, 7, 10, 8, 11, 14, 18, 22, 26, 31, 37, 42, 47, 49, 2], [1, 4, 5, 7, 10, 8, 11, 14, 18, 22, 26, 31, 36, 30, 35, 29, 24, 19, 23, 28, 33, 48, 3], [2, 49, 47, 42, 37, 31, 36, 30, 35, 29, 24, 19, 23, 28, 33, 48, 3], [2, 49, 47, 42, 46, 41, 36, 30, 35, 29, 24, 19, 23, 28, 33, 48, 3]]","{42, 36, 31}",3,"[[31, 37, 42, 46, 41, 36]]",1,"{frozenset({34, 38, 8, 41, 15, 19, 21, 25, 31}), frozenset({5, 37, 41, 45, 14, 13, 20, 25, 28}), frozenset({33, 37, 7, 40, 18, 20, 22, 25, 29}), frozenset({42, 43, 10, 14, 18, 19, 25, 29, 30}), frozenset({39, 10, 12, 47, 15, 22, 25, 30, 31})}"
"{37, 6, 41, 9, 43, 13, 18, 19, 29}",17,21,19,"[17, 21, 19]",4,"[[1, 4, 5, 7, 10, 8, 11, 14, 17, 21, 26, 22, 27, 32, 38, 49, 2]]","[[1, 4, 5, 7, 10, 8, 11, 14, 17, 21, 25, 30, 35, 40, 44, 39, 34, 28, 33, 48, 3]]","[[2, 49, 38, 32, 27, 22, 26, 21, 25, 30, 35, 40, 44, 39, 34, 28, 33, 48, 3], [2, 49, 38, 32, 27, 22, 26, 31, 36, 30, 35, 40, 44, 39, 34, 28, 33, 48, 3]]","[[1, 4, 5, 7, 10, 8, 11, 14, 17, 21, 26, 22, 27, 32, 38, 49, 2], [1, 4, 5, 7, 10, 8, 11, 14, 17, 21, 25, 30, 35, 40, 44, 39, 34, 28, 33, 48, 3], [2, 49, 38, 32, 27, 22, 26, 21, 25, 30, 35, 40, 44, 39, 34, 28, 33, 48, 3], [2, 49, 38, 32, 27, 22, 26, 31, 36, 30, 35, 40, 44, 39, 34, 28, 33, 48, 3]]","{26, 21, 30}",3,"[[25, 21, 26, 31, 36, 30]]",1,"{frozenset({34, 5, 40, 11, 13, 47, 15, 22, 31}), frozenset({37, 6, 43, 12, 45, 13, 22, 23, 29}), frozenset({33, 38, 40, 10, 12, 46, 18, 29, 31}), frozenset({33, 38, 41, 10, 44, 14, 15, 29, 31}), frozenset({34, 5, 45, 14, 47, 13, 19, 27, 31})}"
"{32, 34, 36, 8, 9, 45, 17, 20, 23}",23,19,17,"[23, 19, 17]",6,"[[1, 4, 5, 7, 10, 13, 16, 12, 15, 19, 24, 29, 35, 30, 25, 21, 26, 31, 37, 42, 47, 49, 2]]","[[1, 4, 5, 7, 10, 13, 16, 12, 15, 19, 24, 29, 35, 40, 44, 39, 43, 48, 3]]","[[2, 49, 47, 42, 37, 31, 26, 21, 25, 30, 35, 40, 44, 39, 43, 48, 3]]","[[1, 4, 5, 7, 10, 13, 16, 12, 15, 19, 24, 29, 35, 30, 25, 21, 26, 31, 37, 42, 47, 49, 2], [1, 4, 5, 7, 10, 13, 16, 12, 15, 19, 24, 29, 35, 40, 44, 39, 43, 48, 3], [2, 49, 47, 42, 37, 31, 26, 21, 25, 30, 35, 40, 44, 39, 43, 48, 3]]",{35},1,[],0,"{frozenset({35, 37, 7, 11, 45, 16, 21, 27, 28}), frozenset({35, 39, 9, 42, 10, 18, 20, 23, 26}), frozenset({36, 39, 10, 42, 11, 15, 21, 24, 27}), frozenset({37, 7, 44, 46, 17, 18, 24, 28, 30}), frozenset({32, 34, 8, 44, 46, 15, 16, 26, 30})}"
"{36, 37, 7, 10, 44, 15, 21, 24, 27}",21,19,15,"[21, 19, 15]",6,"[[1, 4, 6, 8, 11, 14, 17, 13, 16, 20, 25, 30, 35, 40, 45, 41, 46, 42, 47, 49, 2]]","[[1, 4, 6, 8, 11, 14, 17, 13, 16, 20, 25, 30, 35, 29, 34, 28, 33, 48, 3], [1, 4, 6, 8, 11, 14, 17, 13, 16, 20, 25, 30, 35, 29, 34, 39, 43, 48, 3]]","[[2, 49, 47, 42, 46, 41, 45, 40, 35, 29, 34, 28, 33, 48, 3], [2, 49, 47, 42, 46, 41, 45, 40, 35, 29, 34, 39, 43, 48, 3]]","[[1, 4, 6, 8, 11, 14, 17, 13, 16, 20, 25, 30, 35, 40, 45, 41, 46, 42, 47, 49, 2], [1, 4, 6, 8, 11, 14, 17, 13, 16, 20, 25, 30, 35, 29, 34, 28, 33, 48, 3], [1, 4, 6, 8, 11, 14, 17, 13, 16, 20, 25, 30, 35, 29, 34, 39, 43, 48, 3], [2, 49, 47, 42, 46, 41, 45, 40, 35, 29, 34, 28, 33, 48, 3], [2, 49, 47, 42, 46, 41, 45, 40, 35, 29, 34, 39, 43, 48, 3]]",{35},1,"[[33, 28, 34, 39, 43, 48]]",1,"{frozenset({34, 36, 39, 9, 10, 45, 17, 20, 27}), frozenset({32, 34, 37, 9, 44, 17, 18, 24, 30}), frozenset({34, 35, 8, 10, 46, 18, 20, 23, 26}), frozenset({34, 37, 11, 46, 15, 16, 26, 28, 30}), frozenset({35, 37, 10, 42, 11, 45, 16, 21, 23})}"
"{36, 37, 7, 10, 44, 21, 24, 27, 29}",21,17,21,"[21, 17, 21]",4,"[[1, 4, 6, 8, 11, 14, 17, 13, 16, 20, 25, 30, 35, 40, 45, 41, 46, 42, 47, 49, 2]]","[[1, 4, 6, 8, 11, 14, 17, 13, 16, 12, 15, 19, 23, 28, 33, 48, 3]]","[[2, 49, 47, 42, 46, 41, 45, 40, 35, 30, 25, 20, 16, 12, 15, 19, 23, 28, 33, 48, 3]]","[[1, 4, 6, 8, 11, 14, 17, 13, 16, 20, 25, 30, 35, 40, 45, 41, 46, 42, 47, 49, 2], [1, 4, 6, 8, 11, 14, 17, 13, 16, 12, 15, 19, 23, 28, 33, 48, 3], [2, 49, 47, 42, 46, 41, 45, 40, 35, 30, 25, 20, 16, 12, 15, 19, 23, 28, 33, 48, 3]]",{16},1,"[[33, 28, 34, 39, 43, 48]]",1,"{frozenset({35, 37, 10, 42, 11, 16, 21, 23, 29}), frozenset({32, 34, 37, 9, 44, 13, 17, 24, 30}), frozenset({34, 36, 39, 9, 10, 17, 20, 27, 31}), frozenset({34, 35, 8, 10, 46, 20, 23, 26, 31}), frozenset({34, 37, 11, 13, 46, 16, 26, 28, 30})}"
"{37, 7, 10, 44, 17, 21, 24, 27, 29}",17,23,19,"[17, 23, 19]",6,"[[1, 4, 6, 8, 11, 14, 18, 22, 26, 31, 36, 41, 46, 42, 47, 49, 2]]","[[1, 4, 6, 8, 11, 14, 18, 22, 26, 31, 36, 30, 25, 20, 16, 12, 15, 19, 23, 28, 33, 48, 3]]","[[2, 49, 47, 42, 46, 41, 36, 30, 25, 20, 16, 12, 15, 19, 23, 28, 33, 48, 3]]","[[1, 4, 6, 8, 11, 14, 18, 22, 26, 31, 36, 41, 46, 42, 47, 49, 2], [1, 4, 6, 8, 11, 14, 18, 22, 26, 31, 36, 30, 25, 20, 16, 12, 15, 19, 23, 28, 33, 48, 3], [2, 49, 47, 42, 46, 41, 36, 30, 25, 20, 16, 12, 15, 19, 23, 28, 33, 48, 3]]",{36},1,"[[33, 28, 34, 39, 43, 48], [36, 41, 45, 40, 35, 30]]",2,"{frozenset({32, 34, 36, 37, 9, 44, 13, 17, 30}), frozenset({35, 37, 10, 42, 11, 21, 23, 26, 29}), frozenset({34, 35, 37, 11, 13, 46, 16, 28, 30}), frozenset({34, 36, 39, 9, 10, 20, 24, 27, 31}), frozenset({34, 8, 10, 46, 16, 20, 23, 26, 31})}"
"{36, 5, 39, 7, 11, 12, 44, 45, 20, 26}",15,17,19,"[15, 17, 19]",4,"[[1, 4, 6, 8, 10, 13, 17, 14, 18, 22, 27, 32, 38, 49, 2]]","[[1, 4, 6, 8, 10, 13, 17, 21, 25, 30, 35, 29, 34, 28, 33, 48, 3]]","[[2, 49, 38, 32, 27, 22, 18, 14, 17, 21, 25, 30, 35, 29, 34, 28, 33, 48, 3]]","[[1, 4, 6, 8, 10, 13, 17, 14, 18, 22, 27, 32, 38, 49, 2], [1, 4, 6, 8, 10, 13, 17, 21, 25, 30, 35, 29, 34, 28, 33, 48, 3], [2, 49, 38, 32, 27, 22, 18, 14, 17, 21, 25, 30, 35, 29, 34, 28, 33, 48, 3]]",{17},1,"[[38, 49, 47, 42, 37, 32], [23, 19, 24, 29, 34, 28]]",2,"{frozenset({41, 42, 47, 16, 15, 17, 23, 27, 28, 30}), frozenset({32, 39, 40, 43, 16, 17, 18, 23, 27, 30}), frozenset({33, 36, 8, 11, 44, 18, 19, 20, 26, 28}), frozenset({32, 35, 38, 7, 9, 46, 15, 21, 22, 24}), frozenset({35, 6, 8, 9, 42, 45, 14, 46, 21, 24})}"
"{36, 5, 39, 7, 11, 44, 12, 14, 20, 26}",19,17,15,"[19, 17, 15]",4,"[[1, 4, 6, 8, 10, 13, 17, 21, 25, 30, 35, 40, 45, 41, 46, 42, 47, 49, 2]]","[[1, 4, 6, 8, 10, 13, 17, 21, 25, 30, 35, 29, 34, 28, 33, 48, 3]]","[[2, 49, 47, 42, 46, 41, 45, 40, 35, 29, 34, 28, 33, 48, 3]]","[[1, 4, 6, 8, 10, 13, 17, 21, 25, 30, 35, 40, 45, 41, 46, 42, 47, 49, 2], [1, 4, 6, 8, 10, 13, 17, 21, 25, 30, 35, 29, 34, 28, 33, 48, 3], [2, 49, 47, 42, 46, 41, 45, 40, 35, 29, 34, 28, 33, 48, 3]]",{35},1,"[[37, 32, 38, 49, 47, 42], [23, 19, 24, 29, 34, 28]]",2,"{frozenset({41, 42, 47, 16, 17, 22, 23, 27, 28, 30}), frozenset({32, 39, 40, 43, 16, 17, 19, 23, 27, 30}), frozenset({32, 35, 38, 7, 9, 41, 46, 21, 22, 24}), frozenset({33, 36, 8, 40, 11, 44, 19, 20, 26, 28}), frozenset({35, 6, 8, 9, 42, 12, 46, 14, 21, 24})}"
"{36, 5, 39, 7, 11, 44, 14, 20, 26, 29}",19,15,23,"[19, 15, 23]",8,"[[1, 4, 6, 8, 10, 13, 17, 21, 25, 30, 35, 40, 45, 41, 46, 42, 47, 49, 2]]","[[1, 4, 6, 8, 10, 13, 16, 12, 15, 19, 23, 28, 33, 48, 3]]","[[2, 49, 47, 42, 46, 41, 45, 40, 35, 30, 25, 21, 17, 13, 16, 12, 15, 19, 23, 28, 33, 48, 3]]","[[1, 4, 6, 8, 10, 13, 17, 21, 25, 30, 35, 40, 45, 41, 46, 42, 47, 49, 2], [1, 4, 6, 8, 10, 13, 16, 12, 15, 19, 23, 28, 33, 48, 3], [2, 49, 47, 42, 46, 41, 45, 40, 35, 30, 25, 21, 17, 13, 16, 12, 15, 19, 23, 28, 33, 48, 3]]",{13},1,"[[37, 32, 38, 49, 47, 42]]",1,"{frozenset({35, 6, 8, 9, 42, 12, 46, 21, 24, 31}), frozenset({32, 35, 38, 7, 9, 41, 13, 46, 21, 24}), frozenset({32, 39, 43, 16, 17, 19, 23, 27, 30, 31}), frozenset({42, 47, 16, 17, 22, 23, 27, 28, 29, 30}), frozenset({33, 36, 8, 40, 11, 44, 13, 20, 26, 28})}"
"{32, 43, 45, 16, 17, 23, 26, 27, 29}",19,21,17,"[19, 21, 17]",4,"[[1, 4, 5, 7, 9, 12, 15, 19, 24, 20, 25, 30, 36, 31, 37, 42, 47, 49, 2], [1, 4, 5, 7, 9, 12, 15, 19, 24, 20, 25, 30, 36, 41, 46, 42, 47, 49, 2]]","[[1, 4, 5, 7, 9, 12, 15, 19, 24, 20, 25, 30, 35, 40, 44, 39, 34, 28, 33, 48, 3]]","[[2, 49, 47, 42, 37, 31, 36, 30, 35, 40, 44, 39, 34, 28, 33, 48, 3], [2, 49, 47, 42, 46, 41, 36, 30, 35, 40, 44, 39, 34, 28, 33, 48, 3]]","[[1, 4, 5, 7, 9, 12, 15, 19, 24, 20, 25, 30, 36, 31, 37, 42, 47, 49, 2], [1, 4, 5, 7, 9, 12, 15, 19, 24, 20, 25, 30, 36, 41, 46, 42, 47, 49, 2], [1, 4, 5, 7, 9, 12, 15, 19, 24, 20, 25, 30, 35, 40, 44, 39, 34, 28, 33, 48, 3], [2, 49, 47, 42, 37, 31, 36, 30, 35, 40, 44, 39, 34, 28, 33, 48, 3], [2, 49, 47, 42, 46, 41, 36, 30, 35, 40, 44, 39, 34, 28, 33, 48, 3]]",{30},1,"[[31, 37, 42, 46, 41, 36], [5, 4, 6, 8, 10, 7]]",2,"{frozenset({33, 36, 8, 11, 44, 15, 17, 26, 29}), frozenset({35, 38, 7, 9, 46, 16, 18, 24, 31}), frozenset({45, 47, 16, 17, 23, 24, 27, 28, 31}), frozenset({35, 36, 5, 39, 11, 44, 13, 15, 26}), frozenset({35, 36, 6, 9, 42, 13, 46, 18, 24})}"
"{35, 5, 37, 10, 45, 20, 27, 28, 31}",17,19,23,"[17, 19, 23]",6,"[[1, 4, 6, 8, 11, 14, 17, 21, 25, 30, 36, 41, 46, 42, 47, 49, 2]]","[[1, 4, 6, 8, 11, 14, 17, 13, 16, 12, 15, 19, 24, 29, 34, 39, 43, 48, 3]]","[[2, 49, 47, 42, 46, 41, 36, 30, 25, 21, 17, 13, 16, 12, 15, 19, 24, 29, 34, 39, 43, 48, 3]]","[[1, 4, 6, 8, 11, 14, 17, 21, 25, 30, 36, 41, 46, 42, 47, 49, 2], [1, 4, 6, 8, 11, 14, 17, 13, 16, 12, 15, 19, 24, 29, 34, 39, 43, 48, 3], [2, 49, 47, 42, 46, 41, 36, 30, 25, 21, 17, 13, 16, 12, 15, 19, 24, 29, 34, 39, 43, 48, 3]]",{17},1,"[[14, 18, 22, 26, 21, 17]]",1,"{frozenset({34, 37, 38, 8, 44, 15, 16, 21, 29}), frozenset({34, 9, 10, 43, 42, 13, 18, 26, 30}), frozenset({37, 39, 10, 11, 13, 15, 47, 24, 30}), frozenset({33, 34, 37, 7, 46, 17, 18, 20, 31}), frozenset({32, 34, 36, 6, 10, 45, 21, 23, 29})}"
"{33, 37, 40, 41, 12, 14, 18, 21, 29}",19,17,21,"[19, 17, 21]",4,"[[1, 4, 5, 7, 10, 13, 16, 20, 25, 30, 36, 31, 26, 22, 27, 32, 38, 49, 2], [1, 4, 6, 8, 10, 13, 16, 20, 25, 30, 36, 31, 26, 22, 27, 32, 38, 49, 2]]","[[1, 4, 5, 7, 10, 13, 16, 20, 24, 19, 23, 28, 34, 39, 43, 48, 3], [1, 4, 6, 8, 10, 13, 16, 20, 24, 19, 23, 28, 34, 39, 43, 48, 3]]","[[2, 49, 38, 32, 27, 22, 26, 31, 36, 30, 25, 20, 24, 19, 23, 28, 34, 39, 43, 48, 3]]","[[1, 4, 5, 7, 10, 13, 16, 20, 25, 30, 36, 31, 26, 22, 27, 32, 38, 49, 2], [1, 4, 6, 8, 10, 13, 16, 20, 25, 30, 36, 31, 26, 22, 27, 32, 38, 49, 2], [1, 4, 5, 7, 10, 13, 16, 20, 24, 19, 23, 28, 34, 39, 43, 48, 3], [1, 4, 6, 8, 10, 13, 16, 20, 24, 19, 23, 28, 34, 39, 43, 48, 3], [2, 49, 38, 32, 27, 22, 26, 31, 36, 30, 25, 20, 24, 19, 23, 28, 34, 39, 43, 48, 3]]",{20},1,"[[8, 6, 4, 5, 7, 10]]",1,"{frozenset({34, 38, 40, 41, 12, 14, 15, 20, 31}), frozenset({41, 10, 43, 12, 18, 19, 21, 22, 29}), frozenset({40, 10, 14, 47, 15, 19, 20, 22, 31}), frozenset({37, 5, 40, 45, 14, 13, 19, 22, 30}), frozenset({34, 6, 41, 12, 45, 13, 19, 22, 30})}"
"{5, 45, 13, 47, 17, 19, 22, 27, 29}",19,19,15,"[19, 19, 15]",4,"[[1, 4, 6, 8, 10, 7, 9, 12, 16, 20, 25, 21, 26, 31, 37, 32, 38, 49, 2], [1, 4, 6, 8, 10, 7, 9, 12, 16, 20, 25, 30, 36, 31, 37, 32, 38, 49, 2]]","[[1, 4, 6, 8, 10, 7, 9, 12, 16, 20, 25, 30, 35, 40, 44, 39, 43, 48, 3]]","[[2, 49, 38, 32, 37, 31, 36, 30, 35, 40, 44, 39, 43, 48, 3]]","[[1, 4, 6, 8, 10, 7, 9, 12, 16, 20, 25, 21, 26, 31, 37, 32, 38, 49, 2], [1, 4, 6, 8, 10, 7, 9, 12, 16, 20, 25, 30, 36, 31, 37, 32, 38, 49, 2], [1, 4, 6, 8, 10, 7, 9, 12, 16, 20, 25, 30, 35, 40, 44, 39, 43, 48, 3], [2, 49, 38, 32, 37, 31, 36, 30, 35, 40, 44, 39, 43, 48, 3]]","{25, 30, 31}",3,"[[31, 37, 42, 46, 41, 36], [25, 21, 26, 31, 36, 30], [33, 28, 34, 39, 43, 48]]",3,"{frozenset({33, 36, 38, 40, 44, 13, 14, 15, 31}), frozenset({6, 43, 13, 45, 16, 19, 22, 23, 31}), frozenset({33, 35, 38, 41, 12, 13, 46, 18, 29}), frozenset({5, 40, 11, 14, 15, 47, 26, 29, 31}), frozenset({6, 41, 9, 43, 12, 18, 24, 29, 31})}"
"{5, 13, 45, 47, 17, 19, 22, 27, 31}",21,17,17,"[21, 17, 17]",4,"[[1, 4, 6, 8, 10, 7, 9, 12, 16, 20, 25, 30, 36, 41, 46, 42, 37, 32, 38, 49, 2]]","[[1, 4, 6, 8, 10, 7, 9, 12, 16, 20, 24, 29, 34, 28, 33, 48, 3], [1, 4, 6, 8, 10, 7, 9, 12, 16, 20, 24, 29, 34, 39, 43, 48, 3]]","[[2, 49, 38, 32, 37, 42, 46, 41, 36, 30, 35, 29, 34, 28, 33, 48, 3], [2, 49, 38, 32, 37, 42, 46, 41, 36, 30, 35, 29, 34, 39, 43, 48, 3], [2, 49, 38, 32, 37, 42, 46, 41, 36, 30, 35, 40, 44, 39, 43, 48, 3]]","[[1, 4, 6, 8, 10, 7, 9, 12, 16, 20, 25, 30, 36, 41, 46, 42, 37, 32, 38, 49, 2], [1, 4, 6, 8, 10, 7, 9, 12, 16, 20, 24, 29, 34, 28, 33, 48, 3], [1, 4, 6, 8, 10, 7, 9, 12, 16, 20, 24, 29, 34, 39, 43, 48, 3], [2, 49, 38, 32, 37, 42, 46, 41, 36, 30, 35, 29, 34, 28, 33, 48, 3], [2, 49, 38, 32, 37, 42, 46, 41, 36, 30, 35, 29, 34, 39, 43, 48, 3], [2, 49, 38, 32, 37, 42, 46, 41, 36, 30, 35, 40, 44, 39, 43, 48, 3]]","{48, 20, 39, 29, 30}",5,"[[34, 29, 35, 40, 44, 39], [30, 25, 20, 24, 29, 35], [33, 28, 34, 39, 43, 48]]",3,"{frozenset({6, 43, 45, 13, 16, 19, 22, 23, 29}), frozenset({5, 40, 11, 13, 14, 15, 47, 26, 31}), frozenset({33, 35, 38, 41, 12, 46, 18, 29, 31}), frozenset({33, 36, 38, 40, 44, 14, 15, 29, 31}), frozenset({6, 41, 9, 43, 12, 13, 18, 24, 29})}"
"{5, 13, 45, 47, 17, 19, 20, 27, 31}",21,19,17,"[21, 19, 17]",4,"[[1, 4, 6, 8, 11, 14, 18, 22, 26, 21, 25, 30, 36, 41, 46, 42, 37, 32, 38, 49, 2]]","[[1, 4, 6, 8, 11, 14, 18, 22, 26, 21, 25, 30, 35, 29, 34, 28, 33, 48, 3], [1, 4, 6, 8, 11, 14, 18, 22, 26, 21, 25, 30, 35, 29, 34, 39, 43, 48, 3], [1, 4, 6, 8, 11, 14, 18, 22, 26, 21, 25, 30, 35, 40, 44, 39, 43, 48, 3]]","[[2, 49, 38, 32, 37, 42, 46, 41, 36, 30, 35, 29, 34, 28, 33, 48, 3], [2, 49, 38, 32, 37, 42, 46, 41, 36, 30, 35, 29, 34, 39, 43, 48, 3], [2, 49, 38, 32, 37, 42, 46, 41, 36, 30, 35, 40, 44, 39, 43, 48, 3]]","[[1, 4, 6, 8, 11, 14, 18, 22, 26, 21, 25, 30, 36, 41, 46, 42, 37, 32, 38, 49, 2], [1, 4, 6, 8, 11, 14, 18, 22, 26, 21, 25, 30, 35, 29, 34, 28, 33, 48, 3], [1, 4, 6, 8, 11, 14, 18, 22, 26, 21, 25, 30, 35, 29, 34, 39, 43, 48, 3], [1, 4, 6, 8, 11, 14, 18, 22, 26, 21, 25, 30, 35, 40, 44, 39, 43, 48, 3], [2, 49, 38, 32, 37, 42, 46, 41, 36, 30, 35, 29, 34, 28, 33, 48, 3], [2, 49, 38, 32, 37, 42, 46, 41, 36, 30, 35, 29, 34, 39, 43, 48, 3], [2, 49, 38, 32, 37, 42, 46, 41, 36, 30, 35, 40, 44, 39, 43, 48, 3]]",{30},1,"[[34, 29, 35, 40, 44, 39], [33, 28, 34, 39, 43, 48]]",2,"{frozenset({33, 36, 38, 44, 14, 15, 21, 29, 31}), frozenset({33, 35, 38, 12, 46, 18, 20, 29, 31}), frozenset({5, 40, 11, 13, 15, 47, 26, 30, 31}), frozenset({6, 41, 9, 43, 13, 18, 24, 29, 30}), frozenset({6, 43, 45, 13, 16, 21, 22, 23, 29})}"
"{35, 36, 5, 39, 11, 44, 13, 15, 26}",21,17,19,"[21, 17, 19]",4,"[[1, 4, 6, 8, 10, 7, 9, 12, 16, 20, 25, 21, 17, 14, 18, 22, 27, 32, 38, 49, 2]]","[[1, 4, 6, 8, 10, 7, 9, 12, 16, 20, 24, 19, 23, 28, 33, 48, 3], [1, 4, 6, 8, 10, 7, 9, 12, 16, 20, 24, 29, 34, 28, 33, 48, 3]]","[[2, 49, 38, 32, 27, 22, 18, 14, 17, 21, 25, 20, 24, 19, 23, 28, 33, 48, 3], [2, 49, 38, 32, 27, 22, 18, 14, 17, 21, 25, 20, 24, 29, 34, 28, 33, 48, 3]]","[[1, 4, 6, 8, 10, 7, 9, 12, 16, 20, 25, 21, 17, 14, 18, 22, 27, 32, 38, 49, 2], [1, 4, 6, 8, 10, 7, 9, 12, 16, 20, 24, 19, 23, 28, 33, 48, 3], [1, 4, 6, 8, 10, 7, 9, 12, 16, 20, 24, 29, 34, 28, 33, 48, 3], [2, 49, 38, 32, 27, 22, 18, 14, 17, 21, 25, 20, 24, 19, 23, 28, 33, 48, 3], [2, 49, 38, 32, 27, 22, 18, 14, 17, 21, 25, 20, 24, 29, 34, 28, 33, 48, 3]]",{20},1,"[[23, 19, 24, 29, 34, 28], [38, 49, 47, 42, 37, 32]]",2,"{frozenset({33, 36, 8, 11, 44, 15, 17, 26, 29}), frozenset({35, 38, 7, 9, 46, 16, 18, 24, 31}), frozenset({45, 47, 16, 17, 23, 24, 27, 28, 31}), frozenset({32, 43, 45, 16, 17, 23, 26, 27, 29}), frozenset({35, 36, 6, 9, 42, 13, 46, 18, 24})}"
"{35, 10, 43, 11, 46, 15, 17, 24, 31}",17,21,21,"[17, 21, 21]",4,"[[1, 4, 5, 7, 9, 12, 16, 20, 25, 21, 26, 22, 27, 32, 38, 49, 2]]","[[1, 4, 5, 7, 9, 12, 16, 20, 25, 30, 36, 41, 45, 40, 44, 39, 34, 28, 33, 48, 3]]","[[2, 49, 38, 32, 27, 22, 26, 21, 25, 30, 36, 41, 45, 40, 44, 39, 34, 28, 33, 48, 3]]","[[1, 4, 5, 7, 9, 12, 16, 20, 25, 21, 26, 22, 27, 32, 38, 49, 2], [1, 4, 5, 7, 9, 12, 16, 20, 25, 30, 36, 41, 45, 40, 44, 39, 34, 28, 33, 48, 3], [2, 49, 38, 32, 27, 22, 26, 21, 25, 30, 36, 41, 45, 40, 44, 39, 34, 28, 33, 48, 3]]",{25},1,"[[38, 49, 47, 42, 37, 32]]",1,"{frozenset({36, 9, 10, 44, 47, 16, 18, 26, 29}), frozenset({33, 35, 37, 9, 45, 13, 24, 26, 27}), frozenset({34, 35, 6, 44, 15, 16, 17, 27, 31}), frozenset({34, 36, 38, 11, 45, 13, 23, 24, 26}), frozenset({36, 5, 37, 46, 16, 17, 18, 23, 29})}"
"{35, 37, 9, 10, 45, 17, 27, 28, 30}",17,19,19,"[17, 19, 19]",2,"[[1, 4, 6, 8, 11, 14, 18, 22, 26, 31, 36, 41, 46, 42, 47, 49, 2]]","[[1, 4, 6, 8, 11, 14, 18, 22, 26, 21, 25, 20, 24, 29, 34, 39, 43, 48, 3]]","[[2, 49, 47, 42, 46, 41, 36, 31, 26, 21, 25, 20, 24, 29, 34, 39, 43, 48, 3]]","[[1, 4, 6, 8, 11, 14, 18, 22, 26, 31, 36, 41, 46, 42, 47, 49, 2], [1, 4, 6, 8, 11, 14, 18, 22, 26, 21, 25, 20, 24, 29, 34, 39, 43, 48, 3], [2, 49, 47, 42, 46, 41, 36, 31, 26, 21, 25, 20, 24, 29, 34, 39, 43, 48, 3]]",{26},1,"[[20, 16, 12, 15, 19, 24]]",1,"{frozenset({34, 35, 37, 7, 46, 17, 18, 21, 23}), frozenset({34, 36, 37, 8, 44, 15, 16, 20, 27}), frozenset({32, 34, 36, 10, 11, 45, 16, 23, 30}), frozenset({34, 9, 10, 42, 44, 18, 21, 24, 26}), frozenset({37, 39, 10, 11, 46, 15, 20, 24, 26})}"
"{35, 37, 9, 10, 45, 17, 27, 28, 31}",19,19,17,"[19, 19, 17]",2,"[[1, 4, 6, 8, 11, 14, 18, 22, 26, 21, 25, 30, 36, 41, 46, 42, 47, 49, 2]]","[[1, 4, 6, 8, 11, 14, 18, 22, 26, 21, 25, 20, 24, 29, 34, 39, 43, 48, 3]]","[[2, 49, 47, 42, 46, 41, 36, 30, 25, 20, 24, 29, 34, 39, 43, 48, 3]]","[[1, 4, 6, 8, 11, 14, 18, 22, 26, 21, 25, 30, 36, 41, 46, 42, 47, 49, 2], [1, 4, 6, 8, 11, 14, 18, 22, 26, 21, 25, 20, 24, 29, 34, 39, 43, 48, 3], [2, 49, 47, 42, 46, 41, 36, 30, 25, 20, 24, 29, 34, 39, 43, 48, 3]]",{25},1,"[[20, 16, 12, 15, 19, 24]]",1,"{frozenset({34, 9, 10, 42, 44, 13, 18, 24, 26}), frozenset({34, 36, 37, 8, 44, 15, 16, 27, 29}), frozenset({32, 34, 36, 10, 11, 45, 16, 23, 29}), frozenset({34, 35, 37, 7, 46, 17, 18, 23, 31}), frozenset({37, 39, 10, 11, 13, 46, 15, 24, 26})}"
"{35, 37, 9, 10, 45, 20, 27, 28, 31}",17,19,23,"[17, 19, 23]",6,"[[1, 4, 6, 8, 11, 14, 17, 21, 25, 30, 36, 41, 46, 42, 47, 49, 2]]","[[1, 4, 6, 8, 11, 14, 17, 13, 16, 12, 15, 19, 24, 29, 34, 39, 43, 48, 3]]","[[2, 49, 47, 42, 46, 41, 36, 30, 25, 21, 17, 13, 16, 12, 15, 19, 24, 29, 34, 39, 43, 48, 3]]","[[1, 4, 6, 8, 11, 14, 17, 21, 25, 30, 36, 41, 46, 42, 47, 49, 2], [1, 4, 6, 8, 11, 14, 17, 13, 16, 12, 15, 19, 24, 29, 34, 39, 43, 48, 3], [2, 49, 47, 42, 46, 41, 36, 30, 25, 21, 17, 13, 16, 12, 15, 19, 24, 29, 34, 39, 43, 48, 3]]",{17},1,"[[14, 18, 22, 26, 21, 17]]",1,"{frozenset({34, 37, 8, 44, 15, 16, 21, 27, 29}), frozenset({34, 37, 7, 46, 17, 18, 20, 23, 31}), frozenset({32, 34, 36, 10, 11, 45, 21, 23, 29}), frozenset({34, 9, 10, 42, 44, 13, 18, 26, 30}), frozenset({37, 39, 10, 11, 13, 46, 15, 24, 30})}"
"{37, 6, 10, 44, 46, 15, 18, 21, 24}",19,17,17,"[19, 17, 17]",2,"[[1, 4, 5, 7, 9, 12, 16, 20, 25, 30, 36, 31, 26, 22, 27, 32, 38, 49, 2]]","[[1, 4, 5, 7, 9, 12, 16, 20, 25, 30, 35, 29, 34, 28, 33, 48, 3], [1, 4, 5, 7, 9, 12, 16, 20, 25, 30, 35, 29, 34, 39, 43, 48, 3]]","[[2, 49, 38, 32, 27, 22, 26, 31, 36, 30, 35, 29, 34, 28, 33, 48, 3], [2, 49, 38, 32, 27, 22, 26, 31, 36, 30, 35, 29, 34, 39, 43, 48, 3]]","[[1, 4, 5, 7, 9, 12, 16, 20, 25, 30, 36, 31, 26, 22, 27, 32, 38, 49, 2], [1, 4, 5, 7, 9, 12, 16, 20, 25, 30, 35, 29, 34, 28, 33, 48, 3], [1, 4, 5, 7, 9, 12, 16, 20, 25, 30, 35, 29, 34, 39, 43, 48, 3], [2, 49, 38, 32, 27, 22, 26, 31, 36, 30, 35, 29, 34, 28, 33, 48, 3], [2, 49, 38, 32, 27, 22, 26, 31, 36, 30, 35, 29, 34, 39, 43, 48, 3]]",{30},1,"[[33, 28, 34, 39, 43, 48], [30, 36, 41, 45, 40, 35]]",2,"{frozenset({34, 5, 10, 44, 46, 15, 18, 20, 26}), frozenset({35, 37, 38, 9, 10, 45, 18, 21, 23}), frozenset({33, 34, 36, 10, 11, 45, 15, 20, 27}), frozenset({34, 37, 9, 45, 47, 17, 18, 23, 30}), frozenset({34, 37, 11, 43, 45, 15, 16, 27, 30})}"
"{37, 6, 10, 44, 46, 15, 18, 21, 30}",23,15,19,"[23, 15, 19]",8,"[[1, 4, 5, 7, 9, 12, 16, 20, 24, 29, 35, 40, 45, 41, 36, 31, 26, 22, 27, 32, 38, 49, 2]]","[[1, 4, 5, 7, 9, 12, 16, 20, 24, 19, 23, 28, 33, 48, 3], [1, 4, 5, 7, 9, 12, 16, 20, 24, 29, 34, 28, 33, 48, 3], [1, 4, 5, 7, 9, 12, 16, 20, 24, 29, 34, 39, 43, 48, 3]]","[[2, 49, 38, 32, 27, 22, 26, 31, 36, 41, 45, 40, 35, 29, 34, 28, 33, 48, 3], [2, 49, 38, 32, 27, 22, 26, 31, 36, 41, 45, 40, 35, 29, 34, 39, 43, 48, 3]]","[[1, 4, 5, 7, 9, 12, 16, 20, 24, 29, 35, 40, 45, 41, 36, 31, 26, 22, 27, 32, 38, 49, 2], [1, 4, 5, 7, 9, 12, 16, 20, 24, 19, 23, 28, 33, 48, 3], [1, 4, 5, 7, 9, 12, 16, 20, 24, 29, 34, 28, 33, 48, 3], [1, 4, 5, 7, 9, 12, 16, 20, 24, 29, 34, 39, 43, 48, 3], [2, 49, 38, 32, 27, 22, 26, 31, 36, 41, 45, 40, 35, 29, 34, 28, 33, 48, 3], [2, 49, 38, 32, 27, 22, 26, 31, 36, 41, 45, 40, 35, 29, 34, 39, 43, 48, 3]]","{24, 48, 28, 29}",4,"[[33, 28, 34, 39, 43, 48], [29, 24, 19, 23, 28, 34]]",2,"{frozenset({37, 38, 9, 10, 45, 18, 20, 21, 23}), frozenset({34, 37, 9, 45, 47, 18, 20, 23, 30}), frozenset({34, 5, 10, 44, 46, 15, 18, 20, 30}), frozenset({33, 34, 10, 11, 45, 15, 20, 21, 27}), frozenset({34, 37, 11, 43, 45, 15, 21, 27, 30})}"
"{37, 6, 10, 44, 46, 15, 21, 24, 30}",17,25,19,"[17, 25, 19]",8,"[[1, 4, 5, 7, 9, 12, 16, 13, 17, 14, 18, 22, 27, 32, 38, 49, 2]]","[[1, 4, 5, 7, 9, 12, 16, 13, 17, 14, 18, 22, 26, 31, 36, 41, 45, 40, 35, 29, 34, 28, 33, 48, 3], [1, 4, 5, 7, 9, 12, 16, 13, 17, 14, 18, 22, 26, 31, 36, 41, 45, 40, 35, 29, 34, 39, 43, 48, 3]]","[[2, 49, 38, 32, 27, 22, 26, 31, 36, 41, 45, 40, 35, 29, 34, 28, 33, 48, 3], [2, 49, 38, 32, 27, 22, 26, 31, 36, 41, 45, 40, 35, 29, 34, 39, 43, 48, 3]]","[[1, 4, 5, 7, 9, 12, 16, 13, 17, 14, 18, 22, 27, 32, 38, 49, 2], [1, 4, 5, 7, 9, 12, 16, 13, 17, 14, 18, 22, 26, 31, 36, 41, 45, 40, 35, 29, 34, 28, 33, 48, 3], [1, 4, 5, 7, 9, 12, 16, 13, 17, 14, 18, 22, 26, 31, 36, 41, 45, 40, 35, 29, 34, 39, 43, 48, 3], [2, 49, 38, 32, 27, 22, 26, 31, 36, 41, 45, 40, 35, 29, 34, 28, 33, 48, 3], [2, 49, 38, 32, 27, 22, 26, 31, 36, 41, 45, 40, 35, 29, 34, 39, 43, 48, 3]]",{22},1,"[[33, 28, 34, 39, 43, 48]]",1,"{frozenset({34, 5, 10, 44, 46, 18, 20, 26, 30}), frozenset({34, 37, 11, 43, 15, 16, 21, 27, 30}), frozenset({35, 37, 38, 9, 10, 45, 20, 21, 23}), frozenset({34, 37, 9, 47, 17, 18, 20, 23, 30}), frozenset({33, 34, 36, 10, 11, 45, 20, 21, 27})}"
"{34, 36, 6, 38, 9, 44, 13, 24, 26, 30}",17,21,23,"[17, 21, 23]",6,"[[1, 4, 5, 7, 10, 8, 11, 14, 18, 22, 27, 32, 37, 42, 47, 49, 2]]","[[1, 4, 5, 7, 10, 8, 11, 14, 17, 21, 25, 20, 16, 12, 15, 19, 23, 28, 33, 48, 3]]","[[2, 49, 47, 42, 37, 32, 27, 22, 18, 14, 17, 21, 25, 20, 16, 12, 15, 19, 23, 28, 33, 48, 3]]","[[1, 4, 5, 7, 10, 8, 11, 14, 18, 22, 27, 32, 37, 42, 47, 49, 2], [1, 4, 5, 7, 10, 8, 11, 14, 17, 21, 25, 20, 16, 12, 15, 19, 23, 28, 33, 48, 3], [2, 49, 47, 42, 37, 32, 27, 22, 18, 14, 17, 21, 25, 20, 16, 12, 15, 19, 23, 28, 33, 48, 3]]",{14},1,[],0,"{frozenset({33, 36, 5, 37, 44, 16, 17, 21, 27, 29}), frozenset({33, 35, 5, 37, 11, 13, 46, 24, 26, 30}), frozenset({34, 35, 38, 6, 46, 16, 17, 20, 23, 31}), frozenset({36, 10, 43, 11, 47, 16, 21, 23, 26, 29}), frozenset({35, 9, 10, 43, 47, 17, 20, 24, 27, 31})}"
"{33, 37, 5, 45, 13, 15, 17, 22, 29, 30}",21,19,21,"[21, 19, 21]",2,"[[1, 4, 6, 8, 10, 7, 9, 12, 16, 20, 25, 21, 26, 31, 36, 41, 46, 42, 47, 49, 2]]","[[1, 4, 6, 8, 10, 7, 9, 12, 16, 20, 24, 19, 23, 28, 34, 39, 43, 48, 3]]","[[2, 49, 47, 42, 46, 41, 36, 31, 26, 21, 25, 20, 24, 19, 23, 28, 34, 39, 43, 48, 3]]","[[1, 4, 6, 8, 10, 7, 9, 12, 16, 20, 25, 21, 26, 31, 36, 41, 46, 42, 47, 49, 2], [1, 4, 6, 8, 10, 7, 9, 12, 16, 20, 24, 19, 23, 28, 34, 39, 43, 48, 3], [2, 49, 47, 42, 46, 41, 36, 31, 26, 21, 25, 20, 24, 19, 23, 28, 34, 39, 43, 48, 3]]",{20},1,[],0,"{frozenset({33, 35, 37, 5, 41, 13, 15, 18, 21, 29}), frozenset({10, 43, 12, 45, 47, 18, 21, 24, 29, 31}), frozenset({34, 38, 6, 13, 45, 16, 18, 19, 30, 31}), frozenset({10, 43, 45, 14, 15, 47, 20, 26, 29, 31}), frozenset({34, 36, 38, 6, 40, 13, 15, 18, 20, 31})}"
"{34, 6, 9, 45, 15, 47, 17, 18, 19, 30}",17,17,19,"[17, 17, 19]",2,"[[1, 4, 5, 7, 10, 13, 16, 20, 25, 21, 26, 22, 27, 32, 38, 49, 2], [1, 4, 5, 7, 10, 13, 16, 20, 25, 21, 26, 31, 37, 32, 38, 49, 2]]","[[1, 4, 5, 7, 10, 13, 16, 20, 24, 29, 35, 40, 44, 39, 43, 48, 3]]","[[2, 49, 38, 32, 27, 22, 26, 21, 25, 20, 24, 29, 35, 40, 44, 39, 43, 48, 3], [2, 49, 38, 32, 37, 31, 26, 21, 25, 20, 24, 29, 35, 40, 44, 39, 43, 48, 3]]","[[1, 4, 5, 7, 10, 13, 16, 20, 25, 21, 26, 22, 27, 32, 38, 49, 2], [1, 4, 5, 7, 10, 13, 16, 20, 25, 21, 26, 31, 37, 32, 38, 49, 2], [1, 4, 5, 7, 10, 13, 16, 20, 24, 29, 35, 40, 44, 39, 43, 48, 3], [2, 49, 38, 32, 27, 22, 26, 21, 25, 20, 24, 29, 35, 40, 44, 39, 43, 48, 3], [2, 49, 38, 32, 37, 31, 26, 21, 25, 20, 24, 29, 35, 40, 44, 39, 43, 48, 3]]",{20},1,"[[37, 42, 46, 41, 36, 31], [22, 27, 32, 37, 31, 26]]",2,"{frozenset({5, 37, 11, 43, 45, 15, 16, 18, 22, 30}), frozenset({33, 37, 6, 41, 44, 45, 15, 18, 21, 24}), frozenset({35, 38, 10, 43, 12, 45, 15, 18, 21, 23}), frozenset({33, 36, 10, 45, 14, 15, 47, 18, 20, 27}), frozenset({34, 5, 38, 40, 45, 46, 15, 18, 20, 26})}"
"{34, 6, 9, 45, 15, 47, 17, 18, 19, 25}",19,17,15,"[19, 17, 15]",4,"[[1, 4, 5, 7, 10, 13, 16, 20, 24, 29, 35, 30, 36, 31, 37, 32, 38, 49, 2]]","[[1, 4, 5, 7, 10, 13, 16, 20, 24, 29, 35, 40, 44, 39, 43, 48, 3]]","[[2, 49, 38, 32, 37, 31, 36, 30, 35, 40, 44, 39, 43, 48, 3]]","[[1, 4, 5, 7, 10, 13, 16, 20, 24, 29, 35, 30, 36, 31, 37, 32, 38, 49, 2], [1, 4, 5, 7, 10, 13, 16, 20, 24, 29, 35, 40, 44, 39, 43, 48, 3], [2, 49, 38, 32, 37, 31, 36, 30, 35, 40, 44, 39, 43, 48, 3]]",{35},1,"[[31, 37, 42, 46, 41, 36], [31, 26, 22, 27, 32, 37]]",2,"{frozenset({33, 37, 6, 41, 44, 45, 15, 18, 24, 25}), frozenset({5, 37, 11, 43, 45, 15, 16, 18, 22, 25}), frozenset({34, 5, 38, 40, 45, 46, 15, 18, 25, 26}), frozenset({35, 38, 10, 43, 12, 45, 15, 18, 23, 25}), frozenset({33, 36, 10, 45, 14, 15, 47, 18, 25, 27})}"
"{34, 6, 9, 45, 15, 47, 17, 18, 25, 31}",21,15,17,"[21, 15, 17]",6,"[[1, 4, 5, 7, 10, 13, 16, 20, 24, 29, 35, 30, 36, 41, 46, 42, 37, 32, 38, 49, 2]]","[[1, 4, 5, 7, 10, 13, 16, 20, 24, 19, 23, 28, 33, 48, 3]]","[[2, 49, 38, 32, 37, 42, 46, 41, 36, 30, 35, 40, 44, 39, 43, 48, 3]]","[[1, 4, 5, 7, 10, 13, 16, 20, 24, 29, 35, 30, 36, 41, 46, 42, 37, 32, 38, 49, 2], [1, 4, 5, 7, 10, 13, 16, 20, 24, 19, 23, 28, 33, 48, 3], [2, 49, 38, 32, 37, 42, 46, 41, 36, 30, 35, 40, 44, 39, 43, 48, 3]]","{24, 48, 35}",3,"[[33, 28, 23, 19, 24, 29, 35, 40, 44, 39, 43, 48]]",1,"{frozenset({33, 36, 10, 45, 15, 47, 18, 25, 27, 29}), frozenset({33, 37, 6, 44, 45, 13, 15, 18, 24, 25}), frozenset({35, 38, 10, 43, 45, 15, 18, 23, 25, 31}), frozenset({34, 5, 38, 45, 46, 15, 13, 18, 25, 26}), frozenset({5, 37, 11, 43, 45, 15, 16, 18, 25, 29})}"
"{34, 37, 11, 46, 15, 16, 26, 28, 30}",15,19,21,"[15, 19, 21]",6,"[[1, 4, 5, 7, 10, 13, 17, 14, 18, 22, 27, 32, 38, 49, 2], [1, 4, 6, 8, 10, 13, 17, 14, 18, 22, 27, 32, 38, 49, 2]]","[[1, 4, 5, 7, 10, 13, 17, 21, 25, 20, 24, 29, 35, 40, 44, 39, 43, 48, 3], [1, 4, 6, 8, 10, 13, 17, 21, 25, 20, 24, 29, 35, 40, 44, 39, 43, 48, 3]]","[[2, 49, 38, 32, 27, 22, 18, 14, 17, 21, 25, 20, 24, 29, 35, 40, 44, 39, 43, 48, 3]]","[[1, 4, 5, 7, 10, 13, 17, 14, 18, 22, 27, 32, 38, 49, 2], [1, 4, 6, 8, 10, 13, 17, 14, 18, 22, 27, 32, 38, 49, 2], [1, 4, 5, 7, 10, 13, 17, 21, 25, 20, 24, 29, 35, 40, 44, 39, 43, 48, 3], [1, 4, 6, 8, 10, 13, 17, 21, 25, 20, 24, 29, 35, 40, 44, 39, 43, 48, 3], [2, 49, 38, 32, 27, 22, 18, 14, 17, 21, 25, 20, 24, 29, 35, 40, 44, 39, 43, 48, 3]]",{17},1,"[[8, 6, 4, 5, 7, 10]]",1,"{frozenset({34, 36, 39, 9, 10, 45, 17, 20, 27}), frozenset({32, 34, 37, 9, 44, 17, 18, 24, 30}), frozenset({34, 35, 8, 10, 46, 18, 20, 23, 26}), frozenset({36, 37, 7, 10, 44, 15, 21, 24, 27}), frozenset({35, 37, 10, 11, 42, 45, 16, 21, 23})}"
"{34, 37, 11, 13, 46, 16, 26, 28, 30}",21,17,21,"[21, 17, 21]",4,"[[1, 4, 5, 7, 9, 12, 15, 19, 24, 20, 25, 21, 17, 14, 18, 22, 27, 32, 38, 49, 2]]","[[1, 4, 5, 7, 9, 12, 15, 19, 24, 29, 35, 40, 44, 39, 43, 48, 3]]","[[2, 49, 38, 32, 27, 22, 18, 14, 17, 21, 25, 20, 24, 29, 35, 40, 44, 39, 43, 48, 3]]","[[1, 4, 5, 7, 9, 12, 15, 19, 24, 20, 25, 21, 17, 14, 18, 22, 27, 32, 38, 49, 2], [1, 4, 5, 7, 9, 12, 15, 19, 24, 29, 35, 40, 44, 39, 43, 48, 3], [2, 49, 38, 32, 27, 22, 18, 14, 17, 21, 25, 20, 24, 29, 35, 40, 44, 39, 43, 48, 3]]",{24},1,"[[5, 4, 6, 8, 10, 7]]",1,"{frozenset({35, 37, 10, 11, 42, 16, 21, 23, 29}), frozenset({32, 34, 37, 9, 44, 13, 17, 24, 30}), frozenset({34, 36, 39, 9, 10, 17, 20, 27, 31}), frozenset({34, 35, 8, 10, 46, 20, 23, 26, 31}), frozenset({36, 37, 7, 10, 44, 21, 24, 27, 29})}"
"{34, 35, 37, 11, 13, 46, 16, 28, 30}",19,23,17,"[19, 23, 17]",6,"[[1, 4, 5, 7, 9, 12, 15, 19, 24, 20, 25, 21, 26, 22, 27, 32, 38, 49, 2]]","[[1, 4, 5, 7, 9, 12, 15, 19, 24, 20, 25, 21, 26, 31, 36, 41, 45, 40, 44, 39, 43, 48, 3]]","[[2, 49, 38, 32, 27, 22, 26, 31, 36, 41, 45, 40, 44, 39, 43, 48, 3]]","[[1, 4, 5, 7, 9, 12, 15, 19, 24, 20, 25, 21, 26, 22, 27, 32, 38, 49, 2], [1, 4, 5, 7, 9, 12, 15, 19, 24, 20, 25, 21, 26, 31, 36, 41, 45, 40, 44, 39, 43, 48, 3], [2, 49, 38, 32, 27, 22, 26, 31, 36, 41, 45, 40, 44, 39, 43, 48, 3]]",{26},1,"[[5, 4, 6, 8, 10, 7], [22, 18, 14, 17, 21, 26]]",2,"{frozenset({37, 7, 10, 44, 17, 21, 24, 27, 29}), frozenset({32, 34, 36, 37, 9, 44, 13, 17, 30}), frozenset({35, 37, 10, 11, 42, 21, 23, 26, 29}), frozenset({34, 36, 39, 9, 10, 20, 24, 27, 31}), frozenset({34, 8, 10, 46, 16, 20, 23, 26, 31})}"
"{32, 34, 37, 10, 12, 45, 18, 19, 21, 25}",21,19,15,"[21, 19, 15]",6,"[[1, 4, 6, 8, 11, 14, 17, 13, 16, 20, 24, 29, 35, 30, 36, 41, 46, 42, 47, 49, 2]]","[[1, 4, 6, 8, 11, 14, 17, 13, 16, 20, 24, 29, 35, 40, 44, 39, 43, 48, 3]]","[[2, 49, 47, 42, 46, 41, 36, 30, 35, 40, 44, 39, 43, 48, 3]]","[[1, 4, 6, 8, 11, 14, 17, 13, 16, 20, 24, 29, 35, 30, 36, 41, 46, 42, 47, 49, 2], [1, 4, 6, 8, 11, 14, 17, 13, 16, 20, 24, 29, 35, 40, 44, 39, 43, 48, 3], [2, 49, 47, 42, 46, 41, 36, 30, 35, 40, 44, 39, 43, 48, 3]]",{35},1,[],0,"{frozenset({34, 37, 39, 10, 45, 14, 15, 22, 25, 30}), frozenset({34, 37, 42, 10, 12, 45, 18, 19, 25, 30}), frozenset({34, 37, 7, 40, 41, 10, 15, 18, 20, 25}), frozenset({34, 37, 8, 41, 10, 40, 15, 18, 21, 25}), frozenset({34, 37, 10, 45, 14, 15, 20, 22, 25, 28})}"
"{32, 34, 37, 40, 10, 12, 45, 18, 21, 25}",21,17,17,"[21, 17, 17]",4,"[[1, 4, 6, 8, 11, 14, 17, 13, 16, 20, 24, 29, 35, 30, 36, 41, 46, 42, 47, 49, 2]]","[[1, 4, 6, 8, 11, 14, 17, 13, 16, 20, 24, 19, 23, 28, 33, 48, 3]]","[[2, 49, 47, 42, 46, 41, 36, 30, 35, 29, 24, 19, 23, 28, 33, 48, 3]]","[[1, 4, 6, 8, 11, 14, 17, 13, 16, 20, 24, 29, 35, 30, 36, 41, 46, 42, 47, 49, 2], [1, 4, 6, 8, 11, 14, 17, 13, 16, 20, 24, 19, 23, 28, 33, 48, 3], [2, 49, 47, 42, 46, 41, 36, 30, 35, 29, 24, 19, 23, 28, 33, 48, 3]]",{24},1,[],0,"{frozenset({34, 37, 8, 41, 10, 15, 18, 19, 21, 25}), frozenset({34, 37, 41, 10, 45, 14, 15, 20, 25, 28}), frozenset({34, 37, 39, 10, 12, 45, 15, 22, 25, 30}), frozenset({34, 37, 7, 40, 10, 15, 18, 20, 22, 25}), frozenset({34, 37, 42, 10, 45, 14, 18, 19, 25, 30})}"
"{32, 34, 37, 40, 10, 12, 45, 16, 21, 25}",17,21,17,"[17, 21, 17]",4,"[[1, 4, 6, 8, 11, 14, 18, 22, 26, 31, 36, 41, 46, 42, 47, 49, 2]]","[[1, 4, 6, 8, 11, 14, 18, 22, 26, 31, 36, 30, 35, 29, 24, 19, 23, 28, 33, 48, 3]]","[[2, 49, 47, 42, 46, 41, 36, 30, 35, 29, 24, 19, 23, 28, 33, 48, 3]]","[[1, 4, 6, 8, 11, 14, 18, 22, 26, 31, 36, 41, 46, 42, 47, 49, 2], [1, 4, 6, 8, 11, 14, 18, 22, 26, 31, 36, 30, 35, 29, 24, 19, 23, 28, 33, 48, 3], [2, 49, 47, 42, 46, 41, 36, 30, 35, 29, 24, 19, 23, 28, 33, 48, 3]]",{36},1,[],0,"{frozenset({34, 37, 39, 10, 12, 15, 22, 25, 26, 30}), frozenset({34, 35, 37, 7, 40, 10, 18, 20, 22, 25}), frozenset({34, 36, 37, 8, 41, 10, 15, 19, 21, 25}), frozenset({34, 37, 42, 10, 14, 18, 19, 24, 25, 30}), frozenset({34, 37, 41, 10, 45, 14, 17, 20, 25, 28})}"
